MM:DD:YYYY hh:mm:ss,time_elapsed_ms,Library_Version,Session_type,Device_Number,Battery_Voltage,Motor_Turns,FR,Event,Active_Poke,Left_Poke_Count,Right_Poke_Count,Pellet_Count,Block_Pellet_Count,Retrieval_Time,InterPelletInterval,Poke_Time
3/19/2026 10:54:22,5118852,1.16.3,DualPortTimed,0,4.15,nan,1,Left,Left,1,0,0,0,nan,nan,0.02
3/19/2026 11:01:18,5534971,1.16.3,DualPortTimed,0,4.15,nan,1,LeftWithPellet,Left,2,0,0,0,nan,nan,0.01
3/19/2026 11:06:32,5848823,1.16.3,DualPortTimed,0,4.15,nan,1,RightWithPellet,Left,2,1,0,0,nan,nan,0.00
3/19/2026 11:12:44,6221504,1.16.3,DualPortTimed,0,4.15,20,1,Pellet,Left,2,1,1,0,Timed_out,nan,nan
3/19/2026 11:29:24,7221018,1.16.3,DualPortTimed,0,4.15,nan,1,Right,Left,2,2,1,0,nan,nan,0.00
3/19/2026 11:30:18,7275118,1.16.3,DualPortTimed,0,4.15,11,1,Pellet,Left,2,2,2,0,19.65,1054,nan
3/19/2026 12:08:54,9591524,1.16.3,DualPortTimed,0,4.14,nan,1,Left,Left,3,2,2,0,nan,nan,0.00
3/19/2026 12:09:12,9609617,1.16.3,DualPortTimed,0,4.14,4,1,Pellet,Left,3,2,3,0,9.99,2334,nan
3/19/2026 12:37:34,11310989,1.16.3,DualPortTimed,0,4.14,nan,1,Right,Left,3,3,3,0,nan,nan,0.00
3/19/2026 12:37:55,11332838,1.16.3,DualPortTimed,0,4.14,2,1,Pellet,Left,3,3,4,0,18.10,1723,nan
3/19/2026 12:58:48,12585388,1.16.3,DualPortTimed,0,4.14,nan,1,Right,Left,3,4,4,0,nan,nan,0.07
3/19/2026 12:59:01,12598111,1.16.3,DualPortTimed,0,4.14,1,1,Pellet,Left,3,4,5,0,11.09,1266,nan
3/19/2026 13:00:38,12695662,1.16.3,DualPortTimed,0,4.14,nan,1,Right,Left,3,5,5,0,nan,nan,0.08
3/19/2026 13:00:50,12707666,1.16.3,DualPortTimed,0,4.14,1,1,Pellet,Left,3,5,6,0,10.42,109,nan
3/19/2026 13:02:29,12806589,1.16.3,DualPortTimed,0,4.14,nan,1,Left,Left,4,5,6,0,nan,nan,0.00
3/19/2026 13:02:34,12811425,1.16.3,DualPortTimed,0,4.14,1,1,Pellet,Left,4,5,7,0,3.18,104,nan
3/19/2026 13:03:41,12877922,1.16.3,DualPortTimed,0,4.14,nan,1,Right,Left,4,6,7,0,nan,nan,0.00
3/19/2026 13:03:45,12882238,1.16.3,DualPortTimed,0,4.14,1,1,Pellet,Left,4,6,8,0,2.69,71,nan
3/19/2026 13:04:49,12946177,1.16.3,DualPortTimed,0,4.14,nan,1,Right,Left,4,7,8,0,nan,nan,0.00
3/19/2026 13:04:56,12952959,1.16.3,DualPortTimed,0,4.14,1,1,Pellet,Left,4,7,9,0,5.08,71,nan
3/19/2026 13:06:33,13050396,1.16.3,DualPortTimed,0,4.14,nan,1,Right,Left,4,8,9,0,nan,nan,0.00
3/19/2026 13:06:37,13054255,1.16.3,DualPortTimed,0,4.14,1,1,Pellet,Left,4,8,10,0,2.20,101,nan
3/19/2026 13:09:50,13247412,1.16.3,DualPortTimed,0,4.14,nan,1,Right,Left,4,9,10,0,nan,nan,0.00
3/19/2026 13:10:27,13284205,1.16.3,DualPortTimed,0,4.14,11,1,Pellet,Left,4,9,11,0,3.79,230,nan
3/19/2026 13:12:00,13377813,1.16.3,DualPortTimed,0,4.14,nan,1,Right,Left,4,10,11,0,nan,nan,0.00
3/19/2026 13:12:07,13384466,1.16.3,DualPortTimed,0,4.14,4,1,Pellet,Left,4,10,12,0,0.61,100,nan
3/19/2026 13:23:43,14080213,1.16.3,DualPortTimed,0,4.14,nan,1,Right,Left,4,11,12,0,nan,nan,0.39
3/19/2026 13:23:48,14085847,1.16.3,DualPortTimed,0,4.14,1,1,Pellet,Left,4,11,13,0,3.91,701,nan
3/19/2026 13:26:44,14261893,1.16.3,DualPortTimed,0,4.14,nan,1,Right,Left,4,12,13,0,nan,nan,0.00
3/19/2026 13:26:53,14270501,1.16.3,DualPortTimed,0,4.13,1,1,Pellet,Left,4,12,14,0,6.92,185,nan
3/19/2026 13:40:52,15109764,1.16.3,DualPortTimed,0,4.13,nan,1,Left,Left,5,12,14,0,nan,nan,0.37
3/19/2026 13:40:57,15114868,1.16.3,DualPortTimed,0,4.13,1,1,Pellet,Left,5,12,15,0,3.48,844,nan
3/19/2026 13:42:20,15197426,1.16.3,DualPortTimed,0,4.13,nan,1,Right,Left,5,13,15,0,nan,nan,0.00
3/19/2026 13:42:30,15207720,1.16.3,DualPortTimed,0,4.13,1,1,Pellet,Left,5,13,16,0,8.58,93,nan
3/19/2026 13:43:20,15257304,1.16.3,DualPortTimed,0,4.13,nan,1,Right,Left,5,14,16,0,nan,nan,0.00
3/19/2026 13:43:29,15266263,1.16.3,DualPortTimed,0,4.13,1,1,Pellet,Left,5,14,17,0,7.35,59,nan
3/19/2026 13:43:57,15294281,1.16.3,DualPortTimed,0,4.13,nan,1,Left,Left,6,14,17,0,nan,nan,0.50
3/19/2026 13:44:03,15300916,1.16.3,DualPortTimed,0,4.13,1,1,Pellet,Left,6,14,18,0,4.96,34,nan
3/19/2026 13:45:13,15370762,1.16.3,DualPortTimed,0,4.14,nan,1,Right,Left,6,15,18,0,nan,nan,0.00
3/19/2026 13:45:21,15378827,1.16.3,DualPortTimed,0,4.13,1,1,Pellet,Left,6,15,19,0,6.43,78,nan
3/19/2026 13:46:26,15443195,1.16.3,DualPortTimed,0,4.13,nan,1,Right,Left,6,16,19,0,nan,nan,0.00
3/19/2026 13:47:05,15482530,1.16.3,DualPortTimed,0,4.13,11,1,Pellet,Left,6,16,20,0,9.00,104,nan
3/19/2026 13:49:13,15610728,1.16.3,DualPortTimed,0,4.13,nan,1,Left,Left,7,16,20,0,nan,nan,0.23
3/19/2026 13:49:26,15623558,1.16.3,DualPortTimed,0,4.13,3,1,Pellet,Left,7,16,21,0,6.86,141,nan
3/19/2026 13:49:55,15652087,1.16.3,DualPortTimed,0,4.13,nan,1,Left,Left,8,16,21,0,nan,nan,0.41
3/19/2026 13:50:06,15663973,1.16.3,DualPortTimed,0,4.13,3,1,Pellet,Left,8,16,22,0,7.72,40,nan
3/19/2026 13:50:37,15694913,1.16.3,DualPortTimed,0,4.13,nan,1,Left,Left,9,16,22,0,nan,nan,0.15
3/19/2026 13:50:43,15700020,1.16.3,DualPortTimed,0,4.13,2,1,Pellet,Left,9,16,23,0,3.18,36,nan
3/19/2026 13:51:42,15759145,1.16.3,DualPortTimed,0,4.13,nan,1,Left,Left,10,16,23,0,nan,nan,0.24
3/19/2026 13:51:47,15764995,1.16.3,DualPortTimed,0,4.14,2,1,Pellet,Left,10,16,24,0,3.98,65,nan
3/19/2026 13:57:57,16134806,1.16.3,DualPortTimed,0,4.13,nan,1,Left,Left,11,16,24,0,nan,nan,0.17
3/19/2026 13:58:03,16140934,1.16.3,DualPortTimed,0,4.14,2,1,Pellet,Left,11,16,25,0,4.34,376,nan
3/19/2026 13:59:12,16209544,1.16.3,DualPortTimed,0,4.14,nan,1,Right,Left,11,17,25,0,nan,nan,0.08
3/19/2026 13:59:20,16217125,1.16.3,DualPortTimed,0,4.14,1,1,Pellet,Left,11,17,26,0,5.88,77,nan
3/19/2026 14:00:23,16280731,1.16.3,DualPortTimed,0,4.14,nan,1,Right,Left,11,18,26,0,nan,nan,0.06
3/19/2026 14:00:29,16286265,1.16.3,DualPortTimed,0,4.13,2,1,Pellet,Left,11,18,27,0,3.79,69,nan
3/19/2026 14:00:55,16312636,1.16.3,DualPortTimed,0,4.13,nan,1,Left,Left,12,18,27,0,nan,nan,0.25
3/19/2026 14:00:59,16316310,1.16.3,DualPortTimed,0,4.10,nan,1,LeftDuringDispense,Left,13,18,27,0,nan,nan,0.38
3/19/2026 14:01:08,16325188,1.16.3,DualPortTimed,0,4.10,nan,1,LeftDuringDispense,Left,14,18,27,0,nan,nan,0.48
3/19/2026 14:01:15,16332725,1.16.3,DualPortTimed,0,4.13,7,1,Pellet,Left,14,18,28,0,4.16,46,nan
3/19/2026 14:01:33,16350878,1.16.3,DualPortTimed,0,4.13,nan,1,Left,Left,15,18,28,0,nan,nan,0.15
3/19/2026 14:01:39,16356529,1.16.3,DualPortTimed,0,4.13,1,1,Pellet,Left,15,18,29,0,3.92,24,nan
3/19/2026 14:02:19,16396501,1.16.3,DualPortTimed,0,4.13,nan,1,Left,Left,16,18,29,0,nan,nan,0.18
3/19/2026 14:02:31,16408217,1.16.3,DualPortTimed,0,4.13,2,1,Pellet,Left,16,18,30,0,7.91,52,nan
3/19/2026 14:02:52,16429736,1.16.3,DualPortTimed,0,4.13,nan,1,Left,Left,17,18,30,0,nan,nan,0.30
3/19/2026 14:02:58,16435214,1.16.3,DualPortTimed,0,4.13,1,1,Pellet,Left,17,18,31,0,3.85,27,nan
3/19/2026 14:03:37,16474980,1.16.3,DualPortTimed,0,4.13,nan,1,Left,Left,18,18,31,0,nan,nan,0.02
3/19/2026 14:03:44,16481970,1.16.3,DualPortTimed,0,4.13,1,1,Pellet,Left,18,18,32,0,5.33,46,nan
3/19/2026 14:04:33,16530483,1.16.3,DualPortTimed,0,4.13,nan,1,Right,Left,18,19,32,0,nan,nan,0.00
3/19/2026 14:04:39,16536363,1.16.3,DualPortTimed,0,4.13,1,1,Pellet,Left,18,19,33,0,4.22,55,nan
3/19/2026 14:05:48,16605489,1.16.3,DualPortTimed,0,4.13,nan,1,Left,Left,19,19,33,0,nan,nan,0.00
3/19/2026 14:05:54,16611980,1.16.3,DualPortTimed,0,4.13,1,1,Pellet,Left,19,19,34,0,4.90,75,nan
3/19/2026 14:06:28,16645090,1.16.3,DualPortTimed,0,4.12,nan,1,Right,Left,19,20,34,0,nan,nan,0.00
3/19/2026 14:06:32,16649273,1.16.3,DualPortTimed,0,4.13,2,1,Pellet,Left,19,20,35,0,2.44,38,nan
3/19/2026 14:07:49,16726102,1.16.3,DualPortTimed,0,4.13,nan,1,Left,Left,20,20,35,0,nan,nan,0.12
3/19/2026 14:10:58,16915452,1.16.3,DualPortTimed,0,4.13,nan,1,LeftWithPellet,Left,21,20,35,0,nan,nan,0.24
3/19/2026 14:20:14,17471104,1.16.3,DualPortTimed,0,4.13,2,1,Pellet,Left,21,20,36,0,Timed_out,822,nan
3/19/2026 14:20:39,17496988,1.16.3,DualPortTimed,0,4.13,nan,1,Left,Left,22,20,36,0,nan,nan,0.00
3/19/2026 14:20:46,17503944,1.16.3,DualPortTimed,0,4.13,1,1,Pellet,Left,22,20,37,0,5.39,32,nan
3/19/2026 14:21:17,17534470,1.16.3,DualPortTimed,0,4.13,nan,1,Left,Left,23,20,37,0,nan,nan,0.00
3/19/2026 14:21:46,17563746,1.16.3,DualPortTimed,0,4.13,11,1,Pellet,Left,23,20,38,0,6.24,60,nan
3/19/2026 14:22:02,17579770,1.16.3,DualPortTimed,0,4.13,nan,1,Right,Left,23,21,38,0,nan,nan,0.03
3/19/2026 14:22:09,17587044,1.16.3,DualPortTimed,0,4.13,2,1,Pellet,Left,23,21,39,0,3.61,23,nan
3/19/2026 14:23:08,17646059,1.16.3,DualPortTimed,0,4.13,nan,1,Right,Left,23,22,39,0,nan,nan,0.02
3/19/2026 14:23:15,17652483,1.16.3,DualPortTimed,0,4.13,1,1,Pellet,Left,23,22,40,0,4.78,66,nan
3/19/2026 14:23:38,17675755,1.16.3,DualPortTimed,0,4.13,nan,1,Left,Left,24,22,40,0,nan,nan,0.00
3/19/2026 14:23:45,17682945,1.16.3,DualPortTimed,0,4.12,1,1,Pellet,Left,24,22,41,0,5.51,30,nan
3/19/2026 14:24:06,17703574,1.16.3,DualPortTimed,0,4.13,nan,1,Left,Left,25,22,41,0,nan,nan,0.00
3/19/2026 14:25:35,17792910,1.16.3,DualPortTimed,0,4.13,nan,1,LeftWithPellet,Left,26,22,41,0,nan,nan,0.10
3/19/2026 14:25:37,17794268,1.16.3,DualPortTimed,0,4.13,21,1,Pellet,Left,26,22,42,0,33.55,112,nan
3/19/2026 14:47:57,19134254,1.16.3,DualPortTimed,0,4.12,nan,1,Left,Left,27,22,42,0,nan,nan,0.00
3/19/2026 14:48:38,19176057,1.16.3,DualPortTimed,0,4.12,nan,1,LeftWithPellet,Left,28,22,42,0,nan,nan,0.25
3/19/2026 14:49:49,19247023,1.16.3,DualPortTimed,0,4.12,nan,1,RightWithPellet,Left,28,23,42,0,nan,nan,0.00
3/19/2026 14:49:56,19253656,1.16.3,DualPortTimed,0,4.12,nan,1,LeftWithPellet,Left,29,23,42,0,nan,nan,0.42
3/19/2026 14:49:59,19256601,1.16.3,DualPortTimed,0,4.12,8,1,Pellet,Left,29,23,43,0,Timed_out,1462,nan
3/19/2026 14:50:27,19284232,1.16.3,DualPortTimed,0,4.12,nan,1,Left,Left,30,23,43,0,nan,nan,0.00
3/19/2026 14:50:36,19294127,1.16.3,DualPortTimed,0,4.12,nan,1,LeftWithPellet,Left,31,23,43,0,nan,nan,0.04
3/19/2026 14:50:40,19297940,1.16.3,DualPortTimed,0,4.12,1,1,Pellet,Left,31,23,44,0,12.14,41,nan
3/19/2026 14:51:12,19330091,1.16.3,DualPortTimed,0,4.12,nan,1,Left,Left,32,23,44,0,nan,nan,0.20
3/19/2026 14:51:20,19337426,1.16.3,DualPortTimed,0,4.12,1,1,Pellet,Left,32,23,45,0,5.70,40,nan
3/19/2026 14:51:49,19367130,1.16.3,DualPortTimed,0,4.13,nan,1,Left,Left,33,23,45,0,nan,nan,0.06
3/19/2026 14:52:00,19377595,1.16.3,DualPortTimed,0,4.12,1,1,Pellet,Left,33,23,46,0,8.83,40,nan
3/19/2026 14:52:31,19409053,1.16.3,DualPortTimed,0,4.12,nan,1,Right,Left,33,24,46,0,nan,nan,0.04
3/19/2026 14:52:36,19413510,1.16.3,DualPortTimed,0,4.12,1,1,Pellet,Left,33,24,47,0,2.75,36,nan
3/19/2026 14:53:03,19441059,1.16.3,DualPortTimed,0,4.12,nan,1,Left,Left,34,24,47,0,nan,nan,0.23
3/19/2026 14:53:24,19461883,1.16.3,DualPortTimed,0,4.13,nan,1,LeftWithPellet,Left,35,24,47,0,nan,nan,0.00
3/19/2026 14:53:28,19465696,1.16.3,DualPortTimed,0,4.12,6,1,Pellet,Left,35,24,48,0,12.22,52,nan
3/19/2026 16:55:01,26758763,1.16.3,DualPortTimed,0,4.11,nan,1,Left,Left,36,24,48,0,nan,nan,0.18
3/19/2026 16:55:42,26799612,1.16.3,DualPortTimed,0,4.11,nan,1,RightWithPellet,Left,36,25,48,0,nan,nan,0.01
3/19/2026 16:55:44,26802142,1.16.3,DualPortTimed,0,4.12,2,1,Pellet,Left,36,25,49,0,41.63,7336,nan
3/19/2026 16:57:55,26932778,1.16.3,DualPortTimed,0,4.12,nan,1,Right,Left,36,26,49,0,nan,nan,0.00
3/19/2026 16:58:04,26942130,1.16.3,DualPortTimed,0,4.11,nan,1,LeftDuringDispense,Left,37,26,49,0,nan,nan,0.16
3/19/2026 16:58:25,26962904,1.16.3,DualPortTimed,0,4.12,7,1,Pellet,Left,37,26,50,0,16.89,161,nan
3/19/2026 17:00:48,27105446,1.16.3,DualPortTimed,0,4.11,nan,1,Left,Left,38,26,50,0,nan,nan,0.00
3/19/2026 17:01:05,27122747,1.16.3,DualPortTimed,0,4.11,2,1,Pellet,Left,38,26,51,0,15.53,160,nan
3/19/2026 17:02:27,27205163,1.16.3,DualPortTimed,0,4.12,nan,1,Left,Left,39,26,51,0,nan,nan,0.47
3/19/2026 17:02:43,27220677,1.16.3,DualPortTimed,0,4.11,2,1,Pellet,Left,39,26,52,0,13.75,98,nan
3/19/2026 17:03:17,27255298,1.16.3,DualPortTimed,0,4.12,nan,1,Right,Left,39,27,52,0,nan,nan,0.00
3/19/2026 17:03:30,27268126,1.16.3,DualPortTimed,0,4.11,1,1,Pellet,Left,39,27,53,0,11.17,47,nan
3/19/2026 17:07:21,27498898,1.16.3,DualPortTimed,0,4.11,nan,1,Right,Left,39,28,53,0,nan,nan,0.00
3/19/2026 17:07:45,27522759,1.16.3,DualPortTimed,0,4.11,1,1,Pellet,Left,39,28,54,0,22.18,255,nan
3/19/2026 17:08:53,27591115,1.16.3,DualPortTimed,0,4.11,nan,1,Left,Left,40,28,54,0,nan,nan,0.00
3/19/2026 17:08:59,27596628,1.16.3,DualPortTimed,0,4.11,1,1,Pellet,Left,40,28,55,0,3.86,74,nan
3/19/2026 17:09:45,27642878,1.16.3,DualPortTimed,0,4.11,nan,1,Left,Left,41,28,55,0,nan,nan,0.00
3/19/2026 17:09:50,27648238,1.16.3,DualPortTimed,0,4.11,nan,1,LeftWithPellet,Left,42,28,55,0,nan,nan,0.13
3/19/2026 17:09:54,27651618,1.16.3,DualPortTimed,0,4.11,1,1,Pellet,Left,42,28,56,0,7.14,55,nan
3/19/2026 17:10:18,27675466,1.16.3,DualPortTimed,0,4.11,nan,1,Left,Left,43,28,56,0,nan,nan,0.00
3/19/2026 17:10:23,27680583,1.16.3,DualPortTimed,0,4.11,2,1,Pellet,Left,43,28,57,0,3.30,29,nan
3/19/2026 17:10:54,27711518,1.16.3,DualPortTimed,0,4.11,nan,1,Left,Left,44,28,57,0,nan,nan,0.14
3/19/2026 17:10:58,27715546,1.16.3,DualPortTimed,0,4.11,2,1,Pellet,Left,44,28,58,0,2.20,35,nan
3/19/2026 17:11:25,27742822,1.16.3,DualPortTimed,0,4.11,nan,1,Left,Left,45,28,58,0,nan,nan,0.26
3/19/2026 17:11:28,27746098,1.16.3,DualPortTimed,0,4.11,2,1,Pellet,Left,45,28,59,0,1.52,30,nan
3/19/2026 17:12:06,27783859,1.16.3,DualPortTimed,0,4.11,nan,1,Left,Left,46,28,59,0,nan,nan,0.00
3/19/2026 17:12:13,27790480,1.16.3,DualPortTimed,0,4.11,1,1,Pellet,Left,46,28,60,0,4.90,45,nan
3/19/2026 17:12:35,27812613,1.16.3,DualPortTimed,0,4.11,nan,1,Left,Left,47,28,60,0,nan,nan,0.32
3/19/2026 17:12:38,27815625,1.16.3,DualPortTimed,0,4.11,1,1,Pellet,Left,47,28,61,0,1.40,25,nan
3/19/2026 17:13:10,27848144,1.16.3,DualPortTimed,0,4.11,nan,1,Left,Left,48,28,61,0,nan,nan,0.00
3/19/2026 17:13:22,27859889,1.16.3,DualPortTimed,0,4.11,nan,1,RightWithPellet,Left,48,29,61,0,nan,nan,0.06
3/19/2026 17:13:24,27862367,1.16.3,DualPortTimed,0,4.11,nan,1,RightWithPellet,Left,48,30,61,0,nan,nan,0.12
3/19/2026 17:17:15,28093292,1.16.3,DualPortTimed,0,4.11,nan,1,LeftWithPellet,Left,49,30,61,0,nan,nan,0.08
3/19/2026 17:21:52,28369503,1.16.3,DualPortTimed,0,4.11,1,1,Pellet,Left,49,30,62,0,Timed_out,554,nan
3/19/2026 17:22:26,28404176,1.16.3,DualPortTimed,0,4.11,nan,1,Left,Left,50,30,62,0,nan,nan,0.07
3/19/2026 17:22:36,28413675,1.16.3,DualPortTimed,0,4.11,1,1,Pellet,Left,50,30,63,0,7.85,44,nan
3/19/2026 17:23:47,28485259,1.16.3,DualPortTimed,0,4.11,nan,1,Left,Left,51,30,63,0,nan,nan,0.03
3/19/2026 17:23:53,28490949,1.16.3,DualPortTimed,0,4.11,2,1,Pellet,Left,51,30,64,0,3.79,77,nan
3/19/2026 17:24:20,28518262,1.16.3,DualPortTimed,0,4.11,nan,1,Left,Left,52,30,64,0,nan,nan,0.00
3/19/2026 17:24:27,28524631,1.16.3,DualPortTimed,0,4.11,2,1,Pellet,Left,52,30,65,0,4.35,34,nan
3/19/2026 17:24:57,28555173,1.16.3,DualPortTimed,0,4.11,nan,1,Left,Left,53,30,65,0,nan,nan,0.00
3/19/2026 17:25:03,28560627,1.16.3,DualPortTimed,0,4.11,2,1,Pellet,Left,53,30,66,0,1.89,36,nan
3/19/2026 17:25:29,28586921,1.16.3,DualPortTimed,0,4.11,nan,1,Left,Left,54,30,66,0,nan,nan,0.10
3/19/2026 17:25:36,28593950,1.16.3,DualPortTimed,0,4.11,2,1,Pellet,Left,54,30,67,0,3.31,33,nan
3/19/2026 19:27:53,35931041,1.16.3,DualPortTimed,0,4.10,nan,1,Left,Left,55,30,67,0,nan,nan,0.00
3/19/2026 19:27:58,35936347,1.16.3,DualPortTimed,0,4.09,2,1,Pellet,Left,55,30,68,0,1.58,7342,nan
3/19/2026 19:28:48,35986147,1.16.3,DualPortTimed,0,4.10,nan,1,Left,Left,56,30,68,0,nan,nan,0.00
3/19/2026 19:28:50,35988492,1.16.3,DualPortTimed,0,4.10,1,1,Pellet,Left,56,30,69,0,0.73,52,nan
3/19/2026 19:29:21,36019343,1.16.3,DualPortTimed,0,4.10,nan,1,Left,Left,57,30,69,0,nan,nan,0.27
3/19/2026 19:29:24,36022458,1.16.3,DualPortTimed,0,4.10,1,1,Pellet,Left,57,30,70,0,1.46,34,nan
3/19/2026 19:30:02,36059966,1.16.3,DualPortTimed,0,4.10,nan,1,Right,Left,57,31,70,0,nan,nan,0.00
3/19/2026 19:30:05,36063526,1.16.3,DualPortTimed,0,4.10,1,1,Pellet,Left,57,31,71,0,1.83,41,nan
3/19/2026 19:30:48,36105968,1.16.3,DualPortTimed,0,4.10,nan,1,Left,Left,58,31,71,0,nan,nan,0.06
3/19/2026 19:30:50,36108728,1.16.3,DualPortTimed,0,4.10,1,1,Pellet,Left,58,31,72,0,1.03,45,nan
3/19/2026 19:31:20,36138472,1.16.3,DualPortTimed,0,4.09,nan,1,Left,Left,59,31,72,0,nan,nan,0.39
3/19/2026 19:31:25,36143151,1.16.3,DualPortTimed,0,4.10,1,1,Pellet,Left,59,31,73,0,3.00,35,nan
3/19/2026 19:33:33,36271554,1.16.3,DualPortTimed,0,4.10,nan,1,Right,Left,59,32,73,0,nan,nan,0.00
3/19/2026 19:33:42,36280201,1.16.3,DualPortTimed,0,4.10,1,1,Pellet,Left,59,32,74,0,6.99,137,nan
3/19/2026 19:34:16,36313759,1.16.3,DualPortTimed,0,4.10,nan,1,Left,Left,60,32,74,0,nan,nan,0.12
3/19/2026 19:34:21,36319306,1.16.3,DualPortTimed,0,4.10,nan,1,LeftWithPellet,Left,61,32,74,0,nan,nan,0.19
3/19/2026 19:34:24,36322746,1.16.3,DualPortTimed,0,4.10,1,1,Pellet,Left,61,32,75,0,7.38,42,nan
3/19/2026 19:36:43,36461669,1.16.3,DualPortTimed,0,4.10,nan,1,Left,Left,62,32,75,0,nan,nan,0.29
3/19/2026 19:36:52,36470647,1.16.3,DualPortTimed,0,4.10,nan,1,LeftWithPellet,Left,63,32,75,0,nan,nan,0.37
3/19/2026 19:36:56,36474093,1.16.3,DualPortTimed,0,4.10,1,1,Pellet,Left,63,32,76,0,10.77,152,nan
3/19/2026 19:37:25,36503189,1.16.3,DualPortTimed,0,4.09,nan,1,Left,Left,64,32,76,0,nan,nan,0.00
3/19/2026 19:37:41,36518923,1.16.3,DualPortTimed,0,4.10,nan,1,LeftWithPellet,Left,65,32,76,0,nan,nan,0.00
3/19/2026 19:37:45,36522790,1.16.3,DualPortTimed,0,4.10,nan,1,LeftWithPellet,Left,66,32,76,0,nan,nan,0.22
3/19/2026 19:38:32,36570372,1.16.3,DualPortTimed,0,4.10,nan,1,LeftWithPellet,Left,67,32,76,0,nan,nan,0.25
3/19/2026 19:38:54,36592623,1.16.3,DualPortTimed,0,4.10,nan,1,RightWithPellet,Left,67,33,76,0,nan,nan,0.11
3/19/2026 19:38:58,36595944,1.16.3,DualPortTimed,0,4.10,nan,1,RightWithPellet,Left,67,34,76,0,nan,nan,0.74
3/19/2026 19:39:01,36599694,1.16.3,DualPortTimed,0,4.10,1,1,Pellet,Left,67,34,77,0,Timed_out,125,nan
3/19/2026 19:39:30,36628127,1.16.3,DualPortTimed,0,4.10,nan,1,Right,Left,67,35,77,0,nan,nan,0.53
3/19/2026 19:39:31,36629027,1.16.3,DualPortTimed,0,4.09,nan,1,RightDuringDispense,Left,67,36,77,0,nan,nan,0.27
3/19/2026 19:39:35,36633636,1.16.3,DualPortTimed,0,4.09,1,1,Pellet,Left,67,36,78,0,3.24,34,nan
3/19/2026 19:39:54,36652412,1.16.3,DualPortTimed,0,4.10,nan,1,Right,Left,67,37,78,0,nan,nan,0.15
3/19/2026 19:39:58,36656685,1.16.3,DualPortTimed,0,4.09,1,1,Pellet,Left,67,37,79,0,2.63,23,nan
3/19/2026 19:40:22,36680228,1.16.3,DualPortTimed,0,4.09,nan,1,Right,Left,67,38,79,0,nan,nan,0.00
3/19/2026 19:40:31,36688868,1.16.3,DualPortTimed,0,4.10,1,1,Pellet,Left,67,38,80,0,6.99,33,nan
3/19/2026 19:40:57,36715644,1.16.3,DualPortTimed,0,4.10,nan,1,Right,Left,67,39,80,0,nan,nan,0.00
3/19/2026 19:41:02,36720311,1.16.3,DualPortTimed,0,4.11,1,1,Pellet,Left,67,39,81,0,3.00,31,nan
3/19/2026 19:41:31,36748835,1.16.3,DualPortTimed,0,4.10,nan,1,Left,Left,68,39,81,0,nan,nan,0.35
3/19/2026 19:41:35,36753649,1.16.3,DualPortTimed,0,4.10,1,1,Pellet,Left,68,39,82,0,3.24,33,nan
3/19/2026 19:42:03,36781699,1.16.3,DualPortTimed,0,4.10,nan,1,Right,Left,68,40,82,0,nan,nan,0.12
3/19/2026 19:42:06,36784687,1.16.3,DualPortTimed,0,4.10,1,1,Pellet,Left,68,40,83,0,1.34,31,nan
3/19/2026 19:42:35,36812995,1.16.3,DualPortTimed,0,4.09,nan,1,Left,Left,69,40,83,0,nan,nan,0.36
3/19/2026 19:42:39,36817328,1.16.3,DualPortTimed,0,4.10,1,1,Pellet,Left,69,40,84,0,2.63,33,nan
3/19/2026 19:43:02,36839880,1.16.3,DualPortTimed,0,4.10,nan,1,Right,Left,69,41,84,0,nan,nan,0.15
3/19/2026 19:43:40,36878763,1.16.3,DualPortTimed,0,4.10,nan,1,RightWithPellet,Left,69,42,84,0,nan,nan,0.37
3/19/2026 19:43:47,36885113,1.16.3,DualPortTimed,0,4.10,nan,1,RightWithPellet,Left,69,43,84,0,nan,nan,0.17
3/19/2026 19:43:53,36891763,1.16.3,DualPortTimed,0,4.10,nan,1,RightWithPellet,Left,69,44,84,0,nan,nan,0.53
3/19/2026 19:43:58,36896359,1.16.3,DualPortTimed,0,4.10,nan,1,RightWithPellet,Left,69,45,84,0,nan,nan,0.20
3/19/2026 19:44:01,36898950,1.16.3,DualPortTimed,0,4.10,nan,1,RightWithPellet,Left,69,46,84,0,nan,nan,0.29
3/19/2026 19:44:05,36902969,1.16.3,DualPortTimed,0,4.09,1,1,Pellet,Left,69,46,85,0,Timed_out,86,nan
3/19/2026 19:44:39,36937090,1.16.3,DualPortTimed,0,4.10,nan,1,Left,Left,70,46,85,0,nan,nan,0.37
3/19/2026 19:47:14,37092672,1.16.3,DualPortTimed,0,4.10,1,1,Pellet,Left,70,46,86,0,Timed_out,189,nan
3/19/2026 19:47:38,37116452,1.16.3,DualPortTimed,0,4.10,nan,1,Left,Left,71,46,86,0,nan,nan,0.22
3/19/2026 19:51:08,37326218,1.16.3,DualPortTimed,0,4.10,nan,1,RightWithPellet,Left,71,47,86,0,nan,nan,0.00
3/19/2026 19:54:33,37531544,1.16.3,DualPortTimed,0,4.10,nan,1,LeftWithPellet,Left,72,47,86,0,nan,nan,0.60
3/19/2026 19:54:55,37553744,1.16.3,DualPortTimed,0,4.09,nan,1,LeftWithPellet,Left,73,47,86,0,nan,nan,0.52
3/19/2026 19:55:20,37578215,1.16.3,DualPortTimed,0,4.10,1,1,Pellet,Left,73,47,87,0,Timed_out,486,nan
3/19/2026 19:56:09,37627341,1.16.3,DualPortTimed,0,4.09,nan,1,Right,Left,73,48,87,0,nan,nan,0.01
3/19/2026 19:56:17,37635666,1.16.3,DualPortTimed,0,4.06,nan,1,RightDuringDispense,Left,73,49,87,0,nan,nan,0.76
3/19/2026 19:56:27,37645523,1.16.3,DualPortTimed,0,4.10,7,1,Pellet,Left,73,49,88,0,4.29,67,nan
3/19/2026 19:56:54,37671891,1.16.3,DualPortTimed,0,4.10,nan,1,Right,Left,73,50,88,0,nan,nan,0.17
3/19/2026 19:56:56,37674751,1.16.3,DualPortTimed,0,4.10,2,1,Pellet,Left,73,50,89,0,1.03,29,nan
3/19/2026 19:57:20,37698454,1.16.3,DualPortTimed,0,4.10,nan,1,Right,Left,73,51,89,0,nan,nan,0.14
3/19/2026 19:57:23,37701430,1.16.3,DualPortTimed,0,4.10,1,1,Pellet,Left,73,51,90,0,1.28,27,nan
3/19/2026 19:58:02,37740382,1.16.3,DualPortTimed,0,4.09,nan,1,Right,Left,73,52,90,0,nan,nan,0.31
3/19/2026 19:58:06,37744344,1.16.3,DualPortTimed,0,4.09,1,1,Pellet,Left,73,52,91,0,2.32,43,nan
3/19/2026 19:58:31,37769716,1.16.3,DualPortTimed,0,4.09,nan,1,Right,Left,73,53,91,0,nan,nan,0.36
3/19/2026 19:58:35,37773209,1.16.3,DualPortTimed,0,4.09,1,1,Pellet,Left,73,53,92,0,1.83,29,nan
3/19/2026 19:58:59,37797509,1.16.3,DualPortTimed,0,4.10,nan,1,Left,Left,74,53,92,0,nan,nan,0.14
3/19/2026 19:59:02,37800373,1.16.3,DualPortTimed,0,4.09,1,1,Pellet,Left,74,53,93,0,1.22,27,nan
3/19/2026 19:59:22,37819864,1.16.3,DualPortTimed,0,4.09,nan,1,Left,Left,75,53,93,0,nan,nan,0.00
3/19/2026 19:59:24,37822233,1.16.3,DualPortTimed,0,4.10,1,1,Pellet,Left,75,53,94,0,0.73,22,nan
3/19/2026 19:59:52,37850162,1.16.3,DualPortTimed,0,4.10,nan,1,Left,Left,76,53,94,0,nan,nan,0.00
3/19/2026 19:59:55,37853039,1.16.3,DualPortTimed,0,4.09,1,1,Pellet,Left,76,53,95,0,1.22,31,nan
3/19/2026 20:00:17,37875606,1.16.3,DualPortTimed,0,4.10,nan,1,Left,Left,77,53,95,0,nan,nan,0.14
3/19/2026 20:00:24,37882559,1.16.3,DualPortTimed,0,4.09,2,1,Pellet,Left,77,53,96,0,5.21,29,nan
3/19/2026 20:00:53,37911419,1.16.3,DualPortTimed,0,4.09,nan,1,Left,Left,78,53,96,0,nan,nan,0.04
3/19/2026 20:01:02,37920140,1.16.3,DualPortTimed,0,4.09,nan,1,LeftWithPellet,Left,79,53,96,0,nan,nan,0.82
3/19/2026 20:01:04,37922744,1.16.3,DualPortTimed,0,4.10,nan,1,LeftWithPellet,Left,80,53,96,0,nan,nan,0.13
3/19/2026 20:01:07,37925146,1.16.3,DualPortTimed,0,4.09,1,1,Pellet,Left,80,53,97,0,12.10,43,nan
3/19/2026 20:01:29,37947703,1.16.3,DualPortTimed,0,4.09,nan,1,Left,Left,81,53,97,0,nan,nan,0.15
3/19/2026 20:01:33,37951776,1.16.3,DualPortTimed,0,4.10,1,1,Pellet,Left,81,53,98,0,2.44,26,nan
3/19/2026 20:02:04,37982338,1.16.3,DualPortTimed,0,4.10,nan,1,Left,Left,82,53,98,0,nan,nan,0.00
3/19/2026 20:02:08,37986597,1.16.3,DualPortTimed,0,4.09,nan,1,LeftWithPellet,Left,83,53,98,0,nan,nan,0.28
3/19/2026 20:02:13,37991049,1.16.3,DualPortTimed,0,4.10,nan,1,LeftWithPellet,Left,84,53,98,0,nan,nan,0.69
3/19/2026 20:04:10,38108122,1.16.3,DualPortTimed,0,4.09,nan,1,LeftWithPellet,Left,85,53,98,0,nan,nan,0.00
3/19/2026 22:01:50,45168582,1.16.3,DualPortTimed,0,4.09,nan,1,LeftWithPellet,Left,86,53,98,0,nan,nan,0.00
3/19/2026 22:01:54,45172482,1.16.3,DualPortTimed,0,4.09,nan,1,LeftWithPellet,Left,87,53,98,0,nan,nan,0.00
3/19/2026 22:06:09,45427876,1.16.3,DualPortTimed,0,4.08,1,1,Pellet,Left,87,53,99,0,Timed_out,7476,nan
3/19/2026 22:06:42,45460793,1.16.3,DualPortTimed,0,4.09,nan,1,Left,Left,88,53,99,0,nan,nan,0.00
3/19/2026 22:06:46,45464488,1.16.3,DualPortTimed,0,4.09,2,1,Pellet,Left,88,53,100,0,1.95,37,nan
3/19/2026 22:07:17,45495697,1.16.3,DualPortTimed,0,4.08,nan,1,Right,Left,88,54,100,0,nan,nan,0.00
3/19/2026 22:07:20,45498376,1.16.3,DualPortTimed,0,4.09,1,1,Pellet,Left,88,54,101,0,1.03,34,nan
3/19/2026 22:08:31,45569514,1.16.3,DualPortTimed,0,4.08,nan,1,Left,Left,89,54,101,0,nan,nan,0.06
3/19/2026 22:08:34,45572702,1.16.3,DualPortTimed,0,4.08,1,1,Pellet,Left,89,54,102,0,1.59,74,nan
3/19/2026 22:08:57,45595455,1.16.3,DualPortTimed,0,4.09,nan,1,Left,Left,90,54,102,0,nan,nan,0.00
3/19/2026 22:09:01,45599938,1.16.3,DualPortTimed,0,4.08,1,1,Pellet,Left,90,54,103,0,2.81,27,nan
3/19/2026 22:09:33,45631461,1.16.3,DualPortTimed,0,4.08,nan,1,Right,Left,90,55,103,0,nan,nan,0.04
3/19/2026 22:09:36,45634856,1.16.3,DualPortTimed,0,4.09,1,1,Pellet,Left,90,55,104,0,1.77,35,nan
3/19/2026 22:09:58,45656894,1.16.3,DualPortTimed,0,4.08,nan,1,Right,Left,90,56,104,0,nan,nan,0.17
3/19/2026 22:10:01,45659489,1.16.3,DualPortTimed,0,4.08,1,1,Pellet,Left,90,56,105,0,0.91,25,nan
3/19/2026 22:10:31,45689796,1.16.3,DualPortTimed,0,4.08,nan,1,Left,Left,91,56,105,0,nan,nan,0.00
3/19/2026 22:10:36,45694484,1.16.3,DualPortTimed,0,4.09,1,1,Pellet,Left,91,56,106,0,3.06,35,nan
3/19/2026 22:11:08,45727094,1.16.3,DualPortTimed,0,4.09,nan,1,Left,Left,92,56,106,0,nan,nan,0.00
3/19/2026 22:11:16,45734551,1.16.3,DualPortTimed,0,4.08,1,1,Pellet,Left,92,56,107,0,5.76,40,nan
3/19/2026 22:11:49,45767443,1.16.3,DualPortTimed,0,4.09,nan,1,Left,Left,93,56,107,0,nan,nan,0.30
3/19/2026 22:11:53,45772076,1.16.3,DualPortTimed,0,4.09,nan,1,LeftWithPellet,Left,94,56,107,0,nan,nan,0.18
3/19/2026 22:12:03,45781248,1.16.3,DualPortTimed,0,4.08,nan,1,RightWithPellet,Left,94,57,107,0,nan,nan,0.06
3/19/2026 22:12:05,45783225,1.16.3,DualPortTimed,0,4.09,1,1,Pellet,Left,94,57,108,0,14.22,49,nan
3/19/2026 22:13:53,45891524,1.16.3,DualPortTimed,0,4.09,nan,1,Right,Left,94,58,108,0,nan,nan,0.00
3/19/2026 22:13:56,45894720,1.16.3,DualPortTimed,0,4.08,1,1,Pellet,Left,94,58,109,0,1.52,111,nan
3/19/2026 22:14:50,45948885,1.16.3,DualPortTimed,0,4.08,nan,1,Right,Left,94,59,109,0,nan,nan,0.00
3/19/2026 22:14:56,45954491,1.16.3,DualPortTimed,0,4.08,1,1,Pellet,Left,94,59,110,0,3.92,60,nan
3/19/2026 22:15:15,45973245,1.16.3,DualPortTimed,0,4.08,nan,1,Right,Left,94,60,110,0,nan,nan,0.12
3/19/2026 22:15:29,45988066,1.16.3,DualPortTimed,0,4.08,1,1,Pellet,Left,94,60,111,0,13.19,33,nan
3/19/2026 22:16:38,46056406,1.16.3,DualPortTimed,0,4.08,nan,1,Left,Left,95,60,111,0,nan,nan,0.00
3/19/2026 22:18:24,46162825,1.16.3,DualPortTimed,0,4.08,nan,1,LeftWithPellet,Left,96,60,111,0,nan,nan,0.30
3/19/2026 22:18:28,46166444,1.16.3,DualPortTimed,0,4.08,1,1,Pellet,Left,96,60,112,0,Timed_out,179,nan
3/19/2026 22:19:01,46199559,1.16.3,DualPortTimed,0,4.09,nan,1,Left,Left,97,60,112,0,nan,nan,0.19
3/19/2026 22:19:05,46203988,1.16.3,DualPortTimed,0,4.08,1,1,Pellet,Left,97,60,113,0,2.75,37,nan
3/19/2026 22:19:30,46228731,1.16.3,DualPortTimed,0,4.07,nan,1,Left,Left,98,60,113,0,nan,nan,0.29
3/19/2026 22:19:33,46232011,1.16.3,DualPortTimed,0,4.08,1,1,Pellet,Left,98,60,114,0,1.65,28,nan
3/19/2026 22:20:00,46258218,1.16.3,DualPortTimed,0,4.08,nan,1,Left,Left,99,60,114,0,nan,nan,0.00
3/19/2026 22:20:03,46261283,1.16.3,DualPortTimed,0,4.08,1,1,Pellet,Left,99,60,115,0,1.46,30,nan
3/19/2026 22:20:37,46296068,1.16.3,DualPortTimed,0,4.08,nan,1,Left,Left,100,60,115,0,nan,nan,0.11
3/19/2026 22:20:40,46299079,1.16.3,DualPortTimed,0,4.09,1,1,Pellet,Left,100,60,116,0,1.34,37,nan
3/19/2026 22:21:29,46347476,1.16.3,DualPortTimed,0,4.08,nan,1,Right,Left,100,61,116,0,nan,nan,0.00
3/19/2026 22:21:33,46352189,1.16.3,DualPortTimed,0,4.08,1,1,Pellet,Left,100,61,117,0,3.06,53,nan
3/19/2026 22:26:35,46653576,1.16.3,DualPortTimed,0,4.08,nan,1,Left,Left,101,61,117,0,nan,nan,0.00
3/19/2026 22:26:42,46660454,1.16.3,DualPortTimed,0,4.08,1,1,Pellet,Left,101,61,118,0,5.20,309,nan
3/19/2026 22:27:30,46708904,1.16.3,DualPortTimed,0,4.07,nan,1,Left,Left,102,61,118,0,nan,nan,0.11
3/19/2026 22:27:34,46712526,1.16.3,DualPortTimed,0,4.08,1,1,Pellet,Left,102,61,119,0,2.02,52,nan
3/19/2026 22:28:01,46739332,1.16.3,DualPortTimed,0,4.08,nan,1,Left,Left,103,61,119,0,nan,nan,0.00
3/19/2026 22:28:04,46742419,1.16.3,DualPortTimed,0,4.08,2,1,Pellet,Left,103,61,120,0,1.34,30,nan
3/19/2026 22:28:19,46757888,1.16.3,DualPortTimed,0,4.08,nan,1,Left,Left,104,61,120,0,nan,nan,0.00
3/19/2026 22:28:22,46760248,1.16.3,DualPortTimed,0,4.08,1,1,Pellet,Left,104,61,121,0,0.79,18,nan
3/19/2026 22:28:50,46788812,1.16.3,DualPortTimed,0,4.08,nan,1,Left,Left,105,61,121,0,nan,nan,0.00
3/19/2026 22:28:54,46792904,1.16.3,DualPortTimed,0,4.08,1,1,Pellet,Left,105,61,122,0,2.44,32,nan
3/19/2026 22:29:41,46839397,1.16.3,DualPortTimed,0,4.09,nan,1,Left,Left,106,61,122,0,nan,nan,0.12
3/19/2026 22:31:34,46952901,1.16.3,DualPortTimed,0,4.08,nan,1,RightWithPellet,Left,106,62,122,0,nan,nan,0.51
3/19/2026 22:31:36,46955199,1.16.3,DualPortTimed,0,4.08,1,1,Pellet,Left,106,62,123,0,Timed_out,162,nan
3/19/2026 22:31:59,46977681,1.16.3,DualPortTimed,0,4.08,nan,1,Left,Left,107,62,123,0,nan,nan,0.02
3/19/2026 22:32:04,46982731,1.16.3,DualPortTimed,0,4.08,1,1,Pellet,Left,107,62,124,0,3.37,28,nan
3/19/2026 22:32:45,47023857,1.16.3,DualPortTimed,0,4.07,nan,1,Left,Left,108,62,124,0,nan,nan,0.00
3/19/2026 22:32:48,47026936,1.16.3,DualPortTimed,0,4.07,1,1,Pellet,Left,108,62,125,0,1.46,44,nan
3/19/2026 22:33:10,47049177,1.16.3,DualPortTimed,0,4.09,nan,1,Left,Left,109,62,125,0,nan,nan,0.04
3/19/2026 22:33:14,47052362,1.16.3,DualPortTimed,0,4.08,1,1,Pellet,Left,109,62,126,0,1.53,26,nan
3/19/2026 22:33:36,47074847,1.16.3,DualPortTimed,0,4.09,nan,1,Left,Left,110,62,126,0,nan,nan,0.00
3/19/2026 22:33:41,47079743,1.16.3,DualPortTimed,0,4.08,1,1,Pellet,Left,110,62,127,0,3.25,27,nan
3/19/2026 22:34:09,47107443,1.16.3,DualPortTimed,0,4.08,nan,1,Left,Left,111,62,127,0,nan,nan,0.00
3/19/2026 22:34:11,47110184,1.16.3,DualPortTimed,0,4.08,1,1,Pellet,Left,111,62,128,0,1.03,30,nan
3/19/2026 22:34:49,47147363,1.16.3,DualPortTimed,0,4.08,nan,1,Left,Left,112,62,128,0,nan,nan,0.17
3/19/2026 22:34:54,47152576,1.16.3,DualPortTimed,0,4.08,nan,1,LeftWithPellet,Left,113,62,128,0,nan,nan,0.12
3/19/2026 22:42:24,47602257,1.16.3,DualPortTimed,0,4.08,nan,1,LeftWithPellet,Left,114,62,128,0,nan,nan,0.06
3/19/2026 22:42:27,47605577,1.16.3,DualPortTimed,0,4.08,nan,1,LeftWithPellet,Left,115,62,128,0,nan,nan,0.00
3/19/2026 22:42:43,47622069,1.16.3,DualPortTimed,0,4.08,1,1,Pellet,Left,115,62,129,0,Timed_out,512,nan
3/19/2026 22:43:15,47653353,1.16.3,DualPortTimed,0,4.08,nan,1,Left,Left,116,62,129,0,nan,nan,0.08
3/19/2026 22:43:18,47657071,1.16.3,DualPortTimed,0,4.08,1,1,Pellet,Left,116,62,130,0,2.14,35,nan
3/19/2026 22:43:58,47696749,1.16.3,DualPortTimed,0,4.08,nan,1,Left,Left,117,62,130,0,nan,nan,0.02
3/19/2026 22:44:03,47701924,1.16.3,DualPortTimed,0,4.08,1,1,Pellet,Left,117,62,131,0,3.49,45,nan
3/19/2026 22:44:47,47745589,1.16.3,DualPortTimed,0,4.08,nan,1,Left,Left,118,62,131,0,nan,nan,0.00
3/19/2026 22:44:51,47749988,1.16.3,DualPortTimed,0,4.07,1,1,Pellet,Left,118,62,132,0,2.75,48,nan
3/19/2026 22:45:25,47784111,1.16.3,DualPortTimed,0,4.08,nan,1,Left,Left,119,62,132,0,nan,nan,0.00
3/19/2026 22:45:30,47788286,1.16.3,DualPortTimed,0,4.08,1,1,Pellet,Left,119,62,133,0,2.51,39,nan
3/19/2026 22:45:56,47814537,1.16.3,DualPortTimed,0,4.08,nan,1,Left,Left,120,62,133,0,nan,nan,0.00
3/19/2026 22:46:10,47829174,1.16.3,DualPortTimed,0,4.08,nan,1,LeftWithPellet,Left,121,62,133,0,nan,nan,0.00
3/19/2026 22:46:11,47829787,1.16.3,DualPortTimed,0,4.07,nan,1,LeftWithPellet,Left,122,62,133,0,nan,nan,0.16
3/19/2026 22:46:12,47830313,1.16.3,DualPortTimed,0,4.08,nan,1,LeftWithPellet,Left,123,62,133,0,nan,nan,0.01
3/19/2026 22:46:14,47832402,1.16.3,DualPortTimed,0,4.07,nan,1,LeftWithPellet,Left,124,62,133,0,nan,nan,0.47
3/19/2026 22:46:15,47833764,1.16.3,DualPortTimed,0,4.08,1,1,Pellet,Left,124,62,134,0,17.62,45,nan
3/19/2026 22:46:46,47864392,1.16.3,DualPortTimed,0,4.08,nan,1,Left,Left,125,62,134,0,nan,nan,0.00
3/19/2026 22:46:49,47868048,1.16.3,DualPortTimed,0,4.08,1,1,Pellet,Left,125,62,135,0,1.95,34,nan
3/19/2026 22:47:13,47891369,1.16.3,DualPortTimed,0,4.08,nan,1,Left,Left,126,62,135,0,nan,nan,0.27
3/19/2026 22:47:16,47894698,1.16.3,DualPortTimed,0,4.08,1,1,Pellet,Left,126,62,136,0,1.65,27,nan
3/19/2026 22:47:44,47923106,1.16.3,DualPortTimed,0,4.08,nan,1,Left,Left,127,62,136,0,nan,nan,0.39
3/19/2026 22:47:49,47927773,1.16.3,DualPortTimed,0,4.08,1,1,Pellet,Left,127,62,137,0,3.06,33,nan
3/19/2026 22:48:18,47956349,1.16.3,DualPortTimed,0,4.09,nan,1,Left,Left,128,62,137,0,nan,nan,0.00
3/19/2026 22:48:21,47959380,1.16.3,DualPortTimed,0,4.07,1,1,Pellet,Left,128,62,138,0,1.34,32,nan
3/19/2026 22:48:44,47982749,1.16.3,DualPortTimed,0,4.08,nan,1,Left,Left,129,62,138,0,nan,nan,0.00
3/19/2026 22:53:43,48282125,1.16.3,DualPortTimed,0,4.08,nan,1,RightWithPellet,Left,129,63,138,0,nan,nan,0.45
3/19/2026 23:15:23,49581410,1.16.3,DualPortTimed,0,4.07,1,1,Pellet,Left,129,63,139,0,Timed_out,1622,nan
3/19/2026 23:21:14,49932703,1.16.3,DualPortTimed,0,4.07,nan,1,Left,Left,130,63,139,0,nan,nan,0.17
3/19/2026 23:21:17,49935591,1.16.3,DualPortTimed,0,4.07,1,1,Pellet,Left,130,63,140,0,1.16,354,nan
3/19/2026 23:21:53,49972037,1.16.3,DualPortTimed,0,4.08,nan,1,Left,Left,131,63,140,0,nan,nan,0.00
3/19/2026 23:21:58,49976410,1.16.3,DualPortTimed,0,4.07,1,1,Pellet,Left,131,63,141,0,2.75,41,nan
3/19/2026 23:22:22,50000594,1.16.3,DualPortTimed,0,4.07,nan,1,Left,Left,132,63,141,0,nan,nan,0.00
3/19/2026 23:22:24,50003219,1.16.3,DualPortTimed,0,4.08,1,1,Pellet,Left,132,63,142,0,0.97,26,nan
3/19/2026 23:25:43,50201855,1.16.3,DualPortTimed,0,4.08,nan,1,Left,Left,133,63,142,0,nan,nan,0.00
3/19/2026 23:25:47,50205391,1.16.3,DualPortTimed,0,4.08,1,1,Pellet,Left,133,63,143,0,1.89,203,nan
3/19/2026 23:26:39,50257618,1.16.3,DualPortTimed,0,4.07,nan,1,Left,Left,134,63,143,0,nan,nan,0.00
3/19/2026 23:26:42,50261077,1.16.3,DualPortTimed,0,4.07,1,1,Pellet,Left,134,63,144,0,1.77,55,nan
3/19/2026 23:27:38,50316783,1.16.3,DualPortTimed,0,4.08,nan,1,Right,Left,134,64,144,0,nan,nan,0.03
3/19/2026 23:27:42,50320775,1.16.3,DualPortTimed,0,4.07,nan,1,LeftWithPellet,Left,135,64,144,0,nan,nan,0.17
3/19/2026 23:27:45,50324096,1.16.3,DualPortTimed,0,4.07,1,1,Pellet,Left,135,64,145,0,5.65,63,nan
3/19/2026 23:28:14,50353141,1.16.3,DualPortTimed,0,4.08,nan,1,Left,Left,136,64,145,0,nan,nan,0.16
3/19/2026 23:28:18,50357198,1.16.3,DualPortTimed,0,4.07,1,1,Pellet,Left,136,64,146,0,2.38,33,nan
3/19/2026 23:28:42,50380515,1.16.3,DualPortTimed,0,4.08,nan,1,Left,Left,137,64,146,0,nan,nan,0.25
3/19/2026 23:28:44,50382898,1.16.3,DualPortTimed,0,4.08,1,1,Pellet,Left,137,64,147,0,0.85,26,nan
3/20/2026 1:47:10,58688943,1.16.3,DualPortTimed,0,4.06,nan,1,Left,Left,138,64,147,0,nan,nan,0.00
3/20/2026 1:47:18,58696972,1.16.3,DualPortTimed,0,4.06,1,1,Pellet,Left,138,64,148,0,6.37,8314,nan
3/20/2026 1:47:53,58731686,1.16.3,DualPortTimed,0,4.06,nan,1,Left,Left,139,64,148,0,nan,nan,0.00
3/20/2026 1:47:56,58735167,1.16.3,DualPortTimed,0,4.06,1,1,Pellet,Left,139,64,149,0,1.83,38,nan
3/20/2026 1:48:44,58782711,1.16.3,DualPortTimed,0,4.07,nan,1,Left,Left,140,64,149,0,nan,nan,0.00
3/20/2026 1:48:46,58785281,1.16.3,DualPortTimed,0,4.06,1,1,Pellet,Left,140,64,150,0,0.91,50,nan
3/20/2026 1:49:17,58816661,1.16.3,DualPortTimed,0,4.07,nan,1,Left,Left,141,64,150,0,nan,nan,0.17
3/20/2026 1:51:20,58938778,1.16.3,DualPortTimed,0,4.06,2,1,Pellet,Left,141,64,151,0,Timed_out,154,nan
3/20/2026 1:51:59,58978646,1.16.3,DualPortTimed,0,4.06,nan,1,Left,Left,142,64,151,0,nan,nan,0.00
3/20/2026 1:52:02,58981034,1.16.3,DualPortTimed,0,4.06,1,1,Pellet,Left,142,64,152,0,0.73,42,nan
3/20/2026 1:52:30,59009140,1.16.3,DualPortTimed,0,4.06,nan,1,Left,Left,143,64,152,0,nan,nan,0.10
3/20/2026 1:52:33,59012143,1.16.3,DualPortTimed,0,4.06,1,1,Pellet,Left,143,64,153,0,1.28,31,nan
3/20/2026 1:52:57,59035781,1.16.3,DualPortTimed,0,4.06,nan,1,Left,Left,144,64,153,0,nan,nan,0.00
3/20/2026 1:52:59,59038459,1.16.3,DualPortTimed,0,4.06,1,1,Pellet,Left,144,64,154,0,1.10,26,nan
3/20/2026 1:53:20,59059163,1.16.3,DualPortTimed,0,4.06,nan,1,Left,Left,145,64,154,0,nan,nan,0.00
3/20/2026 1:53:23,59062566,1.16.3,DualPortTimed,0,4.06,1,1,Pellet,Left,145,64,155,0,1.77,24,nan
3/20/2026 1:53:45,59083868,1.16.3,DualPortTimed,0,4.06,nan,1,Left,Left,146,64,155,0,nan,nan,0.00
3/20/2026 1:53:47,59086657,1.16.3,DualPortTimed,0,4.06,1,1,Pellet,Left,146,64,156,0,1.16,24,nan
3/20/2026 1:54:13,59112338,1.16.3,DualPortTimed,0,4.06,nan,1,Left,Left,147,64,156,0,nan,nan,0.00
3/20/2026 1:54:17,59116640,1.16.3,DualPortTimed,0,4.06,1,1,Pellet,Left,147,64,157,0,2.63,30,nan
3/20/2026 1:54:45,59144033,1.16.3,DualPortTimed,0,4.06,nan,1,Left,Left,148,64,157,0,nan,nan,0.00
3/20/2026 1:54:47,59146653,1.16.3,DualPortTimed,0,4.06,1,1,Pellet,Left,148,64,158,0,0.97,30,nan
3/20/2026 1:57:13,59291738,1.16.3,DualPortTimed,0,4.05,nan,1,Right,Left,148,65,158,0,nan,nan,0.63
3/20/2026 1:57:13,59292475,1.16.3,DualPortTimed,0,4.06,nan,1,RightDuringDispense,Left,148,66,158,0,nan,nan,0.10
3/20/2026 1:57:16,59295462,1.16.3,DualPortTimed,0,4.06,nan,1,RightWithPellet,Left,148,67,158,0,nan,nan,0.17
3/20/2026 1:57:26,59305585,1.16.3,DualPortTimed,0,4.07,nan,1,RightWithPellet,Left,148,68,158,0,nan,nan,0.27
3/20/2026 1:57:32,59310948,1.16.3,DualPortTimed,0,4.06,1,1,Pellet,Left,148,68,159,0,17.14,165,nan
3/20/2026 1:58:22,59360940,1.16.3,DualPortTimed,0,4.06,nan,1,Left,Left,149,68,159,0,nan,nan,0.06
3/20/2026 1:58:24,59363350,1.16.3,DualPortTimed,0,4.06,2,1,Pellet,Left,149,68,160,0,0.67,52,nan
3/20/2026 1:58:57,59396646,1.16.3,DualPortTimed,0,4.06,nan,1,Left,Left,150,68,160,0,nan,nan,0.00
3/20/2026 1:59:00,59399392,1.16.3,DualPortTimed,0,4.05,1,1,Pellet,Left,150,68,161,0,1.16,36,nan
3/20/2026 1:59:29,59428578,1.16.3,DualPortTimed,0,4.06,nan,1,Left,Left,151,68,161,0,nan,nan,0.00
3/20/2026 2:02:33,59612671,1.16.3,DualPortTimed,0,4.06,nan,1,LeftWithPellet,Left,152,68,161,0,nan,nan,0.21
3/20/2026 2:02:36,59615125,1.16.3,DualPortTimed,0,4.06,1,1,Pellet,Left,152,68,162,0,Timed_out,216,nan
3/20/2026 2:03:12,59650843,1.16.3,DualPortTimed,0,4.07,nan,1,Left,Left,153,68,162,0,nan,nan,0.06
3/20/2026 2:03:14,59653233,1.16.3,DualPortTimed,0,4.06,1,1,Pellet,Left,153,68,163,0,0.79,38,nan
3/20/2026 2:03:39,59678336,1.16.3,DualPortTimed,0,4.06,nan,1,Left,Left,154,68,163,0,nan,nan,0.26
3/20/2026 2:03:42,59680926,1.16.3,DualPortTimed,0,4.06,1,1,Pellet,Left,154,68,164,0,0.91,28,nan
3/20/2026 2:04:16,59715394,1.16.3,DualPortTimed,0,4.05,nan,1,Left,Left,155,68,164,0,nan,nan,0.00
3/20/2026 2:04:18,59717433,1.16.3,DualPortTimed,0,4.06,1,1,Pellet,Left,155,68,165,0,0.42,36,nan
3/20/2026 2:04:44,59743443,1.16.3,DualPortTimed,0,4.06,nan,1,Left,Left,156,68,165,0,nan,nan,0.00
3/20/2026 2:04:46,59745557,1.16.3,DualPortTimed,0,4.06,1,1,Pellet,Left,156,68,166,0,0.42,28,nan
3/20/2026 2:09:13,60012546,1.16.3,DualPortTimed,0,4.07,nan,1,Left,Left,157,68,166,0,nan,nan,0.11
3/20/2026 2:09:19,60017748,1.16.3,DualPortTimed,0,4.05,nan,1,LeftWithPellet,Left,158,68,166,0,nan,nan,0.09
3/20/2026 2:10:42,60101165,1.16.3,DualPortTimed,0,4.07,nan,1,RightWithPellet,Left,158,69,166,0,nan,nan,0.38
3/20/2026 2:10:45,60104533,1.16.3,DualPortTimed,0,4.06,nan,1,RightWithPellet,Left,158,70,166,0,nan,nan,0.05
3/20/2026 2:15:31,60389998,1.16.3,DualPortTimed,0,4.06,1,1,Pellet,Left,158,70,167,0,Timed_out,645,nan
3/20/2026 2:17:08,60487163,1.16.3,DualPortTimed,0,4.06,nan,1,Left,Left,159,70,167,0,nan,nan,0.61
3/20/2026 2:17:10,60489348,1.16.3,DualPortTimed,0,4.06,1,1,Pellet,Left,159,70,168,0,0.55,99,nan
3/20/2026 2:17:48,60527276,1.16.3,DualPortTimed,0,4.06,nan,1,Left,Left,160,70,168,0,nan,nan,0.00
3/20/2026 2:17:52,60530927,1.16.3,DualPortTimed,0,4.05,1,1,Pellet,Left,160,70,169,0,1.95,42,nan
3/20/2026 2:18:29,60568653,1.16.3,DualPortTimed,0,4.06,nan,1,Right,Left,160,71,169,0,nan,nan,0.37
3/20/2026 2:18:33,60572024,1.16.3,DualPortTimed,0,4.06,nan,1,LeftWithPellet,Left,161,71,169,0,nan,nan,0.03
3/20/2026 2:18:35,60574122,1.16.3,DualPortTimed,0,4.06,1,1,Pellet,Left,161,71,170,0,3.85,43,nan
3/20/2026 2:19:07,60606252,1.16.3,DualPortTimed,0,4.06,nan,1,Right,Left,161,72,170,0,nan,nan,0.38
3/20/2026 2:19:13,60612738,1.16.3,DualPortTimed,0,4.06,nan,1,RightWithPellet,Left,161,73,170,0,nan,nan,0.35
3/20/2026 2:19:15,60614294,1.16.3,DualPortTimed,0,4.06,nan,1,RightWithPellet,Left,161,74,170,0,nan,nan,0.00
3/20/2026 2:19:16,60615027,1.16.3,DualPortTimed,0,4.06,nan,1,RightWithPellet,Left,161,75,170,0,nan,nan,0.28
3/20/2026 2:19:18,60617370,1.16.3,DualPortTimed,0,4.06,1,1,Pellet,Left,161,75,171,0,9.47,43,nan
3/20/2026 2:19:50,60649450,1.16.3,DualPortTimed,0,4.06,nan,1,Left,Left,162,75,171,0,nan,nan,0.05
3/20/2026 2:19:55,60653934,1.16.3,DualPortTimed,0,4.06,nan,1,LeftWithPellet,Left,163,75,171,0,nan,nan,0.28
3/20/2026 3:47:59,65938102,1.16.3,DualPortTimed,0,4.05,1,1,Pellet,Left,163,75,172,0,Timed_out,5321,nan
3/20/2026 3:49:13,66012124,1.16.3,DualPortTimed,0,4.05,nan,1,Left,Left,164,75,172,0,nan,nan,0.15
3/20/2026 3:49:15,66014934,1.16.3,DualPortTimed,0,4.05,1,1,Pellet,Left,164,75,173,0,1.16,76,nan
3/20/2026 3:55:38,66397853,1.16.3,DualPortTimed,0,4.05,nan,1,Left,Left,165,75,173,0,nan,nan,0.00
3/20/2026 3:55:41,66400018,1.16.3,DualPortTimed,0,4.05,1,1,Pellet,Left,165,75,174,0,0.48,386,nan
3/20/2026 3:57:38,66517414,1.16.3,DualPortTimed,0,4.05,nan,1,Left,Left,166,75,174,0,nan,nan,0.00
3/20/2026 3:57:42,66521678,1.16.3,DualPortTimed,0,4.05,1,1,Pellet,Left,166,75,175,0,2.63,121,nan
3/20/2026 3:58:36,66575787,1.16.3,DualPortTimed,0,4.05,nan,1,Left,Left,167,75,175,0,nan,nan,0.04
3/20/2026 3:58:38,66577914,1.16.3,DualPortTimed,0,4.05,1,1,Pellet,Left,167,75,176,0,0.48,56,nan
3/20/2026 3:59:08,66607263,1.16.3,DualPortTimed,0,4.05,nan,1,Left,Left,168,75,176,0,nan,nan,0.13
3/20/2026 3:59:10,66609016,1.16.3,DualPortTimed,0,4.05,1,1,Pellet,Left,168,75,177,0,0.06,31,nan
3/20/2026 3:59:48,66646998,1.16.3,DualPortTimed,0,4.05,nan,1,Left,Left,169,75,177,0,nan,nan,0.00
3/20/2026 3:59:49,66648940,1.16.3,DualPortTimed,0,4.05,1,1,Pellet,Left,169,75,178,0,0.36,40,nan
3/20/2026 4:00:22,66681072,1.16.3,DualPortTimed,0,4.05,nan,1,Left,Left,170,75,178,0,nan,nan,0.87
3/20/2026 4:00:24,66683231,1.16.3,DualPortTimed,0,4.05,1,1,Pellet,Left,170,75,179,0,0.48,35,nan
3/20/2026 4:00:58,66717838,1.16.3,DualPortTimed,0,4.05,nan,1,Left,Left,171,75,179,0,nan,nan,0.16
3/20/2026 4:01:01,66720133,1.16.3,DualPortTimed,0,4.05,1,1,Pellet,Left,171,75,180,0,0.67,37,nan
3/20/2026 4:01:24,66743841,1.16.3,DualPortTimed,0,4.05,nan,1,Left,Left,172,75,180,0,nan,nan,0.08
3/20/2026 4:01:27,66746618,1.16.3,DualPortTimed,0,4.05,1,1,Pellet,Left,172,75,181,0,1.10,26,nan
3/20/2026 6:07:27,74307218,1.16.3,DualPortTimed,0,4.04,nan,1,Left,Left,173,75,181,0,nan,nan,0.00
3/20/2026 6:07:33,74313184,1.16.3,DualPortTimed,0,4.03,1,1,Pellet,Left,173,75,182,0,4.35,7566,nan
3/20/2026 6:08:37,74377066,1.16.3,DualPortTimed,0,4.03,nan,1,Left,Left,174,75,182,0,nan,nan,0.11
3/20/2026 6:08:42,74381335,1.16.3,DualPortTimed,0,4.03,1,1,Pellet,Left,174,75,183,0,2.63,69,nan
3/20/2026 6:09:29,74428980,1.16.3,DualPortTimed,0,4.03,nan,1,Left,Left,175,75,183,0,nan,nan,0.25
3/20/2026 6:09:32,74431457,1.16.3,DualPortTimed,0,4.03,1,1,Pellet,Left,175,75,184,0,0.79,50,nan
3/20/2026 6:10:03,74462554,1.16.3,DualPortTimed,0,4.04,nan,1,Left,Left,176,75,184,0,nan,nan,0.09
3/20/2026 6:10:08,74467301,1.16.3,DualPortTimed,0,4.03,2,1,Pellet,Left,176,75,185,0,3.00,35,nan
3/20/2026 6:10:34,74493980,1.16.3,DualPortTimed,0,4.04,nan,1,Left,Left,177,75,185,0,nan,nan,0.65
3/20/2026 6:10:36,74496115,1.16.3,DualPortTimed,0,4.04,1,1,Pellet,Left,177,75,186,0,0.55,29,nan
3/20/2026 6:11:09,74528565,1.16.3,DualPortTimed,0,4.04,nan,1,Left,Left,178,75,186,0,nan,nan,0.30
3/20/2026 6:11:12,74531621,1.16.3,DualPortTimed,0,4.03,1,1,Pellet,Left,178,75,187,0,1.46,36,nan
3/20/2026 7:51:27,80547327,1.16.3,DualPortTimed,0,4.03,nan,1,Left,Left,179,75,187,0,nan,nan,0.89
3/20/2026 7:51:30,80550377,1.16.3,DualPortTimed,0,4.03,1,1,Pellet,Left,179,75,188,0,1.40,6018,nan
3/20/2026 7:52:12,80592189,1.16.3,DualPortTimed,0,4.03,nan,1,Left,Left,180,75,188,0,nan,nan,0.00
3/20/2026 7:52:24,80603978,1.16.3,DualPortTimed,0,4.03,1,1,Pellet,Left,180,75,189,0,10.13,54,nan
3/20/2026 7:59:13,81012964,1.16.3,DualPortTimed,0,4.03,nan,1,Right,Left,180,76,189,0,nan,nan,0.87
3/20/2026 7:59:18,81017789,1.16.3,DualPortTimed,0,4.03,1,1,Pellet,Left,180,76,190,0,3.18,414,nan
3/20/2026 8:00:01,81061494,1.16.3,DualPortTimed,0,4.03,nan,1,Right,Left,180,77,190,0,nan,nan,0.11
3/20/2026 8:00:04,81064360,1.16.3,DualPortTimed,0,4.03,1,1,Pellet,Left,180,77,191,0,1.22,46,nan
3/20/2026 8:00:50,81109831,1.16.3,DualPortTimed,0,4.03,nan,1,Left,Left,181,77,191,0,nan,nan,0.15
3/20/2026 8:00:53,81113374,1.16.3,DualPortTimed,0,4.02,nan,1,LeftWithPellet,Left,182,77,191,0,nan,nan,0.19
3/20/2026 8:02:04,81183836,1.16.3,DualPortTimed,0,4.03,1,1,Pellet,Left,182,77,192,0,Timed_out,120,nan
3/20/2026 8:03:04,81244330,1.16.3,DualPortTimed,0,4.03,nan,1,Left,Left,183,77,192,0,nan,nan,0.22
3/20/2026 8:03:10,81249813,1.16.3,DualPortTimed,0,4.03,1,1,Pellet,Left,183,77,193,0,3.86,66,nan
3/20/2026 8:04:59,81359219,1.16.3,DualPortTimed,0,4.03,nan,1,Right,Left,183,78,193,0,nan,nan,0.59
3/20/2026 8:05:03,81363267,1.16.3,DualPortTimed,0,4.03,nan,1,RightWithPellet,Left,183,79,193,0,nan,nan,0.00
3/20/2026 8:09:18,81618124,1.16.3,DualPortTimed,0,4.03,nan,1,LeftWithPellet,Left,184,79,193,0,nan,nan,0.73
3/20/2026 8:09:20,81620398,1.16.3,DualPortTimed,0,4.03,nan,1,LeftWithPellet,Left,185,79,193,0,nan,nan,0.27
3/20/2026 8:09:23,81622559,1.16.3,DualPortTimed,0,4.03,1,1,Pellet,Left,185,79,194,0,Timed_out,372,nan
3/20/2026 8:09:50,81650373,1.16.3,DualPortTimed,0,4.03,nan,1,Left,Left,186,79,194,0,nan,nan,0.00
3/20/2026 8:09:53,81653339,1.16.3,DualPortTimed,0,4.03,1,1,Pellet,Left,186,79,195,0,1.34,31,nan
3/20/2026 8:12:17,81796638,1.16.3,DualPortTimed,0,4.03,nan,1,Left,Left,187,79,195,0,nan,nan,0.00
3/20/2026 8:12:20,81799874,1.16.3,DualPortTimed,0,4.03,1,1,Pellet,Left,187,79,196,0,1.59,147,nan
3/20/2026 8:14:30,81929691,1.16.3,DualPortTimed,0,4.02,nan,1,Left,Left,188,79,196,0,nan,nan,0.00
3/20/2026 8:14:32,81931941,1.16.3,DualPortTimed,0,4.02,1,1,Pellet,Left,188,79,197,0,0.61,132,nan
3/20/2026 8:15:03,81963405,1.16.3,DualPortTimed,0,4.02,nan,1,Left,Left,189,79,197,0,nan,nan,0.17
3/20/2026 8:15:06,81966525,1.16.3,DualPortTimed,0,4.03,1,1,Pellet,Left,189,79,198,0,1.40,34,nan
3/20/2026 8:15:50,82009681,1.16.3,DualPortTimed,0,4.03,nan,1,Left,Left,190,79,198,0,nan,nan,0.14
3/20/2026 8:15:52,82012378,1.16.3,DualPortTimed,0,4.03,1,1,Pellet,Left,190,79,199,0,1.03,46,nan
3/20/2026 8:16:34,82053972,1.16.3,DualPortTimed,0,4.03,nan,1,Left,Left,191,79,199,0,nan,nan,0.05
3/20/2026 8:16:37,82057127,1.16.3,DualPortTimed,0,4.03,1,1,Pellet,Left,191,79,200,0,1.52,45,nan
3/20/2026 8:17:32,82112456,1.16.3,DualPortTimed,0,4.03,nan,1,Left,Left,192,79,200,0,nan,nan,0.07
3/20/2026 8:18:29,82169383,1.16.3,DualPortTimed,0,4.03,nan,1,RightWithPellet,Left,192,80,200,0,nan,nan,0.00
3/20/2026 9:03:04,84844304,1.16.3,DualPortTimed,0,4.02,1,1,Pellet,Left,192,80,201,0,Timed_out,2787,nan
3/20/2026 9:07:40,85120336,1.16.3,DualPortTimed,0,4.02,nan,1,Left,Left,193,80,201,0,nan,nan,0.00
3/20/2026 9:07:48,85128288,1.16.3,DualPortTimed,0,4.02,1,1,Pellet,Left,193,80,202,0,6.38,284,nan
3/20/2026 9:08:25,85165146,1.16.3,DualPortTimed,0,4.02,nan,1,Right,Left,193,81,202,0,nan,nan,0.23
3/20/2026 9:08:28,85167854,1.16.3,DualPortTimed,0,4.02,1,1,Pellet,Left,193,81,203,0,1.03,40,nan
3/20/2026 9:10:26,85286161,1.16.3,DualPortTimed,0,4.02,nan,1,Left,Left,194,81,203,0,nan,nan,0.05
3/20/2026 9:10:30,85290212,1.16.3,DualPortTimed,0,4.02,1,1,Pellet,Left,194,81,204,0,2.38,122,nan
3/20/2026 9:11:11,85331321,1.16.3,DualPortTimed,0,4.02,nan,1,Right,Left,194,82,204,0,nan,nan,0.77
3/20/2026 9:11:14,85334237,1.16.3,DualPortTimed,0,4.02,1,1,Pellet,Left,194,82,205,0,1.22,44,nan
3/20/2026 9:12:58,85438394,1.16.3,DualPortTimed,0,4.02,nan,1,Left,Left,195,82,205,0,nan,nan,0.00
3/20/2026 9:19:54,85854678,1.16.3,DualPortTimed,0,4.02,nan,1,RightWithPellet,Left,195,83,205,0,nan,nan,1.08
3/20/2026 9:19:57,85857285,1.16.3,DualPortTimed,0,4.02,1,1,Pellet,Left,195,83,206,0,Timed_out,523,nan
3/20/2026 9:20:29,85888838,1.16.3,DualPortTimed,0,4.02,nan,1,Left,Left,196,83,206,0,nan,nan,0.19
3/20/2026 9:20:31,85891019,1.16.3,DualPortTimed,0,4.02,1,1,Pellet,Left,196,83,207,0,0.55,34,nan
3/20/2026 11:38:49,94189459,1.16.3,DualPortTimed,0,4.01,nan,1,Right,Left,196,84,207,0,nan,nan,0.18
3/20/2026 11:38:57,94197504,1.16.3,DualPortTimed,0,4.01,1,1,Pellet,Left,196,84,208,0,6.32,8306,nan
3/20/2026 11:39:33,94233210,1.16.3,DualPortTimed,0,4.00,nan,1,Right,Left,196,85,208,0,nan,nan,0.00
3/20/2026 11:39:36,94236709,1.16.3,DualPortTimed,0,4.01,1,1,Pellet,Left,196,85,209,0,1.89,39,nan
3/20/2026 11:40:05,94265099,1.16.3,DualPortTimed,0,4.01,nan,1,Left,Left,197,85,209,0,nan,nan,0.00
3/20/2026 11:40:07,94267997,1.16.3,DualPortTimed,0,4.01,1,1,Pellet,Left,197,85,210,0,1.28,31,nan
3/20/2026 11:40:31,94291957,1.16.3,DualPortTimed,0,4.01,nan,1,Left,Left,198,85,210,0,nan,nan,0.00
3/20/2026 11:40:34,94294246,1.16.3,DualPortTimed,0,4.01,1,1,Pellet,Left,198,85,211,0,0.67,27,nan
3/20/2026 11:40:57,94317671,1.16.3,DualPortTimed,0,4.01,nan,1,Left,Left,199,85,211,0,nan,nan,0.34
3/20/2026 11:41:00,94320387,1.16.3,DualPortTimed,0,4.01,2,1,Pellet,Left,199,85,212,0,0.97,26,nan
3/20/2026 11:41:24,94344760,1.16.3,DualPortTimed,0,4.01,nan,1,Left,Left,200,85,212,0,nan,nan,0.13
3/20/2026 11:41:27,94347629,1.16.3,DualPortTimed,0,4.01,1,1,Pellet,Left,200,85,213,0,1.28,27,nan
3/20/2026 11:41:53,94373935,1.16.3,DualPortTimed,0,4.00,nan,1,Left,Left,201,85,213,0,nan,nan,0.00
3/20/2026 11:41:56,94376793,1.16.3,DualPortTimed,0,4.01,1,1,Pellet,Left,201,85,214,0,1.22,29,nan
3/20/2026 11:42:27,94407388,1.16.3,DualPortTimed,0,4.01,nan,1,Right,Left,201,86,214,0,nan,nan,0.49
3/20/2026 11:42:47,94427388,1.16.3,DualPortTimed,0,4.01,nan,1,LeftWithPellet,Left,202,86,214,0,nan,nan,0.00
3/20/2026 11:42:55,94435535,1.16.3,DualPortTimed,0,4.00,2,1,Pellet,Left,202,86,215,0,26.35,59,nan
3/20/2026 12:52:48,98628751,1.16.3,DualPortTimed,0,4.00,nan,1,Left,Left,203,86,215,0,nan,nan,0.01
3/20/2026 12:53:16,98657030,1.16.3,DualPortTimed,0,4.00,1,1,Pellet,Left,203,86,216,0,26.66,4221,nan
3/20/2026 12:54:18,98718846,1.16.3,DualPortTimed,0,4.00,nan,1,Left,Left,204,86,216,0,nan,nan,0.32
3/20/2026 12:54:23,98724139,1.16.3,DualPortTimed,0,4.00,1,1,Pellet,Left,204,86,217,0,3.61,67,nan
3/20/2026 12:55:01,98761323,1.16.3,DualPortTimed,0,4.00,nan,1,Left,Left,205,86,217,0,nan,nan,0.03
3/20/2026 12:55:05,98766171,1.16.3,DualPortTimed,0,4.00,1,1,Pellet,Left,205,86,218,0,3.25,42,nan
3/20/2026 12:55:48,98809125,1.16.3,DualPortTimed,0,4.00,nan,1,Left,Left,206,86,218,0,nan,nan,1.35
3/20/2026 12:55:52,98812275,1.16.3,DualPortTimed,0,4.00,1,1,Pellet,Left,206,86,219,0,1.46,46,nan
3/20/2026 12:56:28,98848502,1.16.3,DualPortTimed,0,4.00,nan,1,Right,Left,206,87,219,0,nan,nan,0.48
3/20/2026 12:56:37,98857280,1.16.3,DualPortTimed,0,4.00,1,1,Pellet,Left,206,87,220,0,7.18,45,nan
3/20/2026 13:26:16,100636632,1.16.3,DualPortTimed,0,4.00,nan,1,Right,Left,206,88,220,0,nan,nan,0.80
3/20/2026 13:26:23,100643863,1.16.3,DualPortTimed,0,4.00,1,1,Pellet,Left,206,88,221,0,5.52,1787,nan
3/20/2026 13:27:22,100703190,1.16.3,DualPortTimed,0,4.00,nan,1,Left,Left,207,88,221,0,nan,nan,0.16
3/20/2026 13:33:51,101092325,1.16.3,DualPortTimed,0,4.00,1,1,Pellet,Left,207,88,222,0,Timed_out,448,nan
3/20/2026 13:34:19,101119529,1.16.3,DualPortTimed,0,4.00,nan,1,Left,Left,208,88,222,0,nan,nan,0.25
3/20/2026 13:34:23,101123462,1.16.3,DualPortTimed,0,4.00,2,1,Pellet,Left,208,88,223,0,2.02,32,nan
3/20/2026 13:34:56,101156601,1.16.3,DualPortTimed,0,4.00,nan,1,Left,Left,209,88,223,0,nan,nan,0.01
3/20/2026 13:34:58,101158714,1.16.3,DualPortTimed,0,4.00,2,1,Pellet,Left,209,88,224,0,0.30,35,nan
3/20/2026 13:35:26,101186848,1.16.3,DualPortTimed,0,4.00,nan,1,Left,Left,210,88,224,0,nan,nan,0.00
3/20/2026 13:35:28,101189144,1.16.3,DualPortTimed,0,4.00,2,1,Pellet,Left,210,88,225,0,0.55,30,nan
3/20/2026 13:36:07,101227514,1.16.3,DualPortTimed,0,4.00,nan,1,Left,Left,211,88,225,0,nan,nan,0.00
3/20/2026 13:36:09,101229596,1.16.3,DualPortTimed,0,4.00,1,1,Pellet,Left,211,88,226,0,0.42,41,nan
3/20/2026 13:38:58,101399361,1.16.3,DualPortTimed,0,4.00,nan,1,Right,Left,211,89,226,0,nan,nan,0.04
3/20/2026 13:39:03,101403872,1.16.3,DualPortTimed,0,4.00,1,1,Pellet,Left,211,89,227,0,2.88,174,nan
3/20/2026 13:39:38,101438384,1.16.3,DualPortTimed,0,4.00,nan,1,Left,Left,212,89,227,0,nan,nan,0.00
3/20/2026 13:39:40,101441237,1.16.3,DualPortTimed,0,3.99,1,1,Pellet,Left,212,89,228,0,1.16,37,nan
3/20/2026 13:48:29,101969972,1.16.3,DualPortTimed,0,4.00,nan,1,Right,Left,212,90,228,0,nan,nan,0.43
3/20/2026 13:48:33,101973760,1.16.3,DualPortTimed,0,3.99,1,1,Pellet,Left,212,90,229,0,2.14,533,nan
3/20/2026 13:49:08,102008595,1.16.3,DualPortTimed,0,3.99,nan,1,Left,Left,213,90,229,0,nan,nan,0.00
3/20/2026 13:49:11,102011863,1.16.3,DualPortTimed,0,4.00,1,1,Pellet,Left,213,90,230,0,1.71,38,nan
3/20/2026 13:49:54,102054773,1.16.3,DualPortTimed,0,4.00,nan,1,Left,Left,214,90,230,0,nan,nan,0.19
3/20/2026 13:51:23,102143994,1.16.3,DualPortTimed,0,4.00,2,1,Pellet,Left,214,90,231,0,Timed_out,132,nan
3/20/2026 13:52:02,102182857,1.16.3,DualPortTimed,0,4.00,nan,1,Left,Left,215,90,231,0,nan,nan,0.00
3/20/2026 13:52:16,102197184,1.16.3,DualPortTimed,0,4.00,2,1,Pellet,Left,215,90,232,0,12.53,53,nan
3/20/2026 13:53:02,102242556,1.16.3,DualPortTimed,0,4.00,nan,1,Left,Left,216,90,232,0,nan,nan,0.00
3/20/2026 13:54:11,102312210,1.16.3,DualPortTimed,0,4.00,1,1,Pellet,Left,216,90,233,0,Timed_out,115,nan
3/20/2026 13:54:52,102353183,1.16.3,DualPortTimed,0,4.00,nan,1,Left,Left,217,90,233,0,nan,nan,0.00
3/20/2026 13:55:06,102367156,1.16.3,DualPortTimed,0,4.00,1,1,Pellet,Left,217,90,234,0,12.34,55,nan
3/20/2026 13:55:36,102397287,1.16.3,DualPortTimed,0,4.00,nan,1,Left,Left,218,90,234,0,nan,nan,0.00
3/20/2026 13:55:40,102400522,1.16.3,DualPortTimed,0,4.00,1,1,Pellet,Left,218,90,235,0,1.59,34,nan
3/20/2026 13:56:03,102424246,1.16.3,DualPortTimed,0,4.00,nan,1,Left,Left,219,90,235,0,nan,nan,0.00
3/20/2026 13:56:10,102431341,1.16.3,DualPortTimed,0,4.00,1,1,Pellet,Left,219,90,236,0,5.46,30,nan
3/20/2026 14:11:17,103337508,1.16.3,DualPortTimed,0,4.00,nan,1,Right,Left,219,91,236,0,nan,nan,0.03
3/20/2026 14:27:41,104321592,1.16.3,DualPortTimed,0,3.99,1,1,Pellet,Left,219,91,237,0,Timed_out,1891,nan
3/20/2026 14:28:51,104391644,1.16.3,DualPortTimed,0,3.99,nan,1,Right,Left,219,92,237,0,nan,nan,0.49
3/20/2026 14:28:53,104394213,1.16.3,DualPortTimed,0,3.99,2,1,Pellet,Left,219,92,238,0,0.79,72,nan
3/20/2026 14:29:21,104422320,1.16.3,DualPortTimed,0,3.99,nan,1,Right,Left,219,93,238,0,nan,nan,0.00
3/20/2026 14:29:25,104425568,1.16.3,DualPortTimed,0,4.00,1,1,Pellet,Left,219,93,239,0,1.59,32,nan
3/20/2026 14:30:28,104489377,1.16.3,DualPortTimed,0,3.99,nan,1,Right,Left,219,94,239,0,nan,nan,0.61
3/20/2026 14:30:32,104492963,1.16.3,DualPortTimed,0,4.00,2,1,Pellet,Left,219,94,240,0,1.77,67,nan
3/20/2026 16:12:15,110596440,1.16.3,DualPortTimed,0,3.98,nan,1,Right,Left,219,95,240,0,nan,nan,0.32
3/20/2026 16:12:22,110602816,1.16.3,DualPortTimed,0,3.98,1,1,Pellet,Left,219,95,241,0,4.66,6110,nan
3/20/2026 16:14:03,110704369,1.16.3,DualPortTimed,0,3.98,nan,1,Right,Left,219,96,241,0,nan,nan,0.16
3/20/2026 16:14:07,110707885,1.16.3,DualPortTimed,0,3.98,1,1,Pellet,Left,219,96,242,0,1.83,105,nan
3/20/2026 16:14:28,110729237,1.16.3,DualPortTimed,0,3.98,nan,1,Right,Left,219,97,242,0,nan,nan,0.00
3/20/2026 16:14:32,110732755,1.16.3,DualPortTimed,0,3.98,1,1,Pellet,Left,219,97,243,0,1.95,25,nan
3/20/2026 16:15:29,110790431,1.16.3,DualPortTimed,0,3.98,nan,1,Right,Left,219,98,243,0,nan,nan,0.39
3/20/2026 16:15:32,110793471,1.16.3,DualPortTimed,0,3.98,1,1,Pellet,Left,219,98,244,0,1.34,60,nan
3/20/2026 16:36:34,112055172,1.16.3,DualPortTimed,0,3.98,nan,1,Right,Left,219,99,244,0,nan,nan,0.00
3/20/2026 16:36:37,112058226,1.16.3,DualPortTimed,0,3.98,1,1,Pellet,Left,219,99,245,0,1.40,1265,nan
3/20/2026 16:37:00,112081361,1.16.3,DualPortTimed,0,3.98,nan,1,Left,Left,220,99,245,0,nan,nan,0.00
3/20/2026 16:37:03,112083879,1.16.3,DualPortTimed,0,3.98,1,1,Pellet,Left,220,99,246,0,0.79,26,nan
3/20/2026 16:37:41,112122251,1.16.3,DualPortTimed,0,3.98,nan,1,Left,Left,221,99,246,0,nan,nan,0.00
3/20/2026 16:38:01,112142500,1.16.3,DualPortTimed,0,3.94,nan,1,LeftDuringDispense,Left,222,99,246,0,nan,nan,0.07
3/20/2026 16:38:02,112142911,1.16.3,DualPortTimed,0,3.95,nan,1,LeftDuringDispense,Left,223,99,246,0,nan,nan,0.13
3/20/2026 16:38:07,112148533,1.16.3,DualPortTimed,0,3.98,11,1,Pellet,Left,223,99,247,0,1.22,64,nan
3/20/2026 16:38:41,112182215,1.16.3,DualPortTimed,0,3.98,nan,1,Right,Left,223,100,247,0,nan,nan,0.00
3/20/2026 16:38:48,112188921,1.16.3,DualPortTimed,0,3.98,2,1,Pellet,Left,223,100,248,0,3.12,41,nan
3/20/2026 16:39:45,112246112,1.16.3,DualPortTimed,0,3.98,nan,1,Left,Left,224,100,248,0,nan,nan,0.00
3/20/2026 16:39:48,112249211,1.16.3,DualPortTimed,0,3.98,1,1,Pellet,Left,224,100,249,0,1.46,60,nan
3/20/2026 16:40:15,112276472,1.16.3,DualPortTimed,0,3.98,nan,1,Left,Left,225,100,249,0,nan,nan,0.00
3/20/2026 16:40:18,112278935,1.16.3,DualPortTimed,0,3.98,1,1,Pellet,Left,225,100,250,0,0.85,30,nan
3/20/2026 16:41:03,112324385,1.16.3,DualPortTimed,0,3.98,nan,1,Right,Left,225,101,250,0,nan,nan,0.00
3/20/2026 16:41:06,112326772,1.16.3,DualPortTimed,0,3.98,1,1,Pellet,Left,225,101,251,0,0.73,47,nan
3/20/2026 16:43:40,112480975,1.16.3,DualPortTimed,0,3.98,nan,1,Right,Left,225,102,251,0,nan,nan,0.00
3/20/2026 16:43:42,112483645,1.16.3,DualPortTimed,0,3.98,1,1,Pellet,Left,225,102,252,0,1.04,157,nan
3/20/2026 16:44:09,112510457,1.16.3,DualPortTimed,0,3.98,nan,1,Left,Left,226,102,252,0,nan,nan,0.13
3/20/2026 16:44:14,112514903,1.16.3,DualPortTimed,0,3.98,2,1,Pellet,Left,226,102,253,0,0.61,32,nan
3/20/2026 16:44:36,112536897,1.16.3,DualPortTimed,0,3.98,nan,1,Left,Left,227,102,253,0,nan,nan,0.00
3/20/2026 16:45:06,112567759,1.16.3,DualPortTimed,0,3.98,11,1,Pellet,Left,227,102,254,0,0.79,52,nan
3/20/2026 16:45:25,112586589,1.16.3,DualPortTimed,0,3.98,nan,1,Left,Left,228,102,254,0,nan,nan,0.07
3/20/2026 16:45:32,112593761,1.16.3,DualPortTimed,0,3.98,nan,1,LeftWithPellet,Left,229,102,254,0,nan,nan,0.17
3/20/2026 16:45:34,112594939,1.16.3,DualPortTimed,0,3.98,3,1,Pellet,Left,229,102,255,0,2.34,28,nan
3/20/2026 16:45:49,112609945,1.16.3,DualPortTimed,0,3.98,nan,1,Left,Left,230,102,255,0,nan,nan,0.34
3/20/2026 16:46:15,112636250,1.16.3,DualPortTimed,0,3.94,nan,1,RightDuringDispense,Left,230,103,255,0,nan,nan,0.09
3/20/2026 16:46:18,112639683,1.16.3,DualPortTimed,0,3.98,11,1,Pellet,Left,230,103,256,0,1.52,44,nan
3/20/2026 16:46:45,112665793,1.16.3,DualPortTimed,0,3.98,nan,1,Left,Left,231,103,256,0,nan,nan,0.00
3/20/2026 16:46:50,112671228,1.16.3,DualPortTimed,0,3.94,nan,1,RightDuringDispense,Left,231,104,256,0,nan,nan,0.08
3/20/2026 16:46:52,112672976,1.16.3,DualPortTimed,0,3.98,3,1,Pellet,Left,231,104,257,0,0.97,34,nan
3/20/2026 16:47:16,112696980,1.16.3,DualPortTimed,0,3.98,nan,1,Right,Left,231,105,257,0,nan,nan,0.00
3/20/2026 16:47:18,112699192,1.16.3,DualPortTimed,0,3.98,2,1,Pellet,Left,231,105,258,0,0.30,26,nan
3/20/2026 16:54:12,113113219,1.16.3,DualPortTimed,0,3.98,nan,1,Left,Left,232,105,258,0,nan,nan,0.00
3/20/2026 16:54:14,113115757,1.16.3,DualPortTimed,0,3.98,2,1,Pellet,Left,232,105,259,0,0.67,416,nan
3/20/2026 16:54:32,113133359,1.16.3,DualPortTimed,0,3.98,nan,1,Left,Left,233,105,259,0,nan,nan,0.00
3/20/2026 16:54:35,113135853,1.16.3,DualPortTimed,0,3.98,2,1,Pellet,Left,233,105,260,0,0.67,21,nan
3/20/2026 16:54:56,113157267,1.16.3,DualPortTimed,0,3.98,nan,1,Left,Left,234,105,260,0,nan,nan,0.00
3/20/2026 16:54:58,113159490,1.16.3,DualPortTimed,0,3.98,1,1,Pellet,Left,234,105,261,0,0.55,23,nan
3/20/2026 16:55:20,113180893,1.16.3,DualPortTimed,0,3.98,nan,1,Left,Left,235,105,261,0,nan,nan,0.00
3/20/2026 16:55:21,113182651,1.16.3,DualPortTimed,0,3.98,1,1,Pellet,Left,235,105,262,0,0.12,23,nan
3/20/2026 16:55:44,113204954,1.16.3,DualPortTimed,0,3.98,nan,1,Left,Left,236,105,262,0,nan,nan,0.00
3/20/2026 16:55:46,113207177,1.16.3,DualPortTimed,0,3.98,1,1,Pellet,Left,236,105,263,0,0.55,25,nan
3/20/2026 16:56:22,113243567,1.16.3,DualPortTimed,0,3.98,nan,1,Left,Left,237,105,263,0,nan,nan,0.00
3/20/2026 16:56:36,113257148,1.16.3,DualPortTimed,0,3.98,7,1,Pellet,Left,237,105,264,0,0.91,50,nan
3/20/2026 17:03:02,113643242,1.16.3,DualPortTimed,0,3.98,nan,1,Left,Left,238,105,264,0,nan,nan,0.00
3/20/2026 17:03:17,113658427,1.16.3,DualPortTimed,0,3.98,7,1,Pellet,Left,238,105,265,0,0.48,401,nan
3/20/2026 17:03:53,113694792,1.16.3,DualPortTimed,0,3.98,nan,1,Left,Left,239,105,265,0,nan,nan,0.00
3/20/2026 17:03:58,113699156,1.16.3,DualPortTimed,0,3.98,1,1,Pellet,Left,239,105,266,0,2.75,41,nan
3/20/2026 17:06:57,113877991,1.16.3,DualPortTimed,0,3.98,nan,1,Left,Left,240,105,266,0,nan,nan,0.00
3/20/2026 17:06:59,113880167,1.16.3,DualPortTimed,0,3.98,1,1,Pellet,Left,240,105,267,0,0.55,181,nan
3/20/2026 17:07:28,113908869,1.16.3,DualPortTimed,0,3.98,nan,1,Left,Left,241,105,267,0,nan,nan,0.00
3/20/2026 17:07:30,113911617,1.16.3,DualPortTimed,0,3.98,1,1,Pellet,Left,241,105,268,0,1.03,31,nan
3/20/2026 17:08:10,113950883,1.16.3,DualPortTimed,0,3.98,nan,1,Left,Left,242,105,268,0,nan,nan,0.02
3/20/2026 17:08:12,113953270,1.16.3,DualPortTimed,0,3.98,1,1,Pellet,Left,242,105,269,0,0.79,42,nan
3/20/2026 17:08:27,113968669,1.16.3,DualPortTimed,0,3.98,nan,1,Left,Left,243,105,269,0,nan,nan,0.43
3/20/2026 17:08:29,113970802,1.16.3,DualPortTimed,0,3.98,1,1,Pellet,Left,243,105,270,0,0.48,17,nan
3/20/2026 17:08:59,113999920,1.16.3,DualPortTimed,0,3.98,nan,1,Right,Left,243,106,270,0,nan,nan,0.11
3/20/2026 17:09:01,114002386,1.16.3,DualPortTimed,0,3.97,1,1,Pellet,Left,243,106,271,0,0.79,32,nan
3/20/2026 17:09:20,114021760,1.16.3,DualPortTimed,0,3.98,nan,1,Left,Left,244,106,271,0,nan,nan,0.05
3/20/2026 17:09:22,114023629,1.16.3,DualPortTimed,0,3.98,1,1,Pellet,Left,244,106,272,0,0.24,21,nan
3/20/2026 17:09:42,114043613,1.16.3,DualPortTimed,0,3.98,nan,1,Left,Left,245,106,272,0,nan,nan,0.06
3/20/2026 17:09:45,114045917,1.16.3,DualPortTimed,0,3.98,1,1,Pellet,Left,245,106,273,0,0.67,23,nan
3/20/2026 17:10:01,114062037,1.16.3,DualPortTimed,0,3.98,nan,1,Left,Left,246,106,273,0,nan,nan,0.00
3/20/2026 17:10:03,114064014,1.16.3,DualPortTimed,0,3.98,1,1,Pellet,Left,246,106,274,0,0.30,18,nan
3/20/2026 17:10:21,114082466,1.16.3,DualPortTimed,0,3.98,nan,1,Left,Left,247,106,274,0,nan,nan,0.00
3/20/2026 17:10:23,114084550,1.16.3,DualPortTimed,0,3.98,1,1,Pellet,Left,247,106,275,0,0.42,20,nan
3/20/2026 17:10:39,114100643,1.16.3,DualPortTimed,0,3.98,nan,1,Left,Left,248,106,275,0,nan,nan,0.29
3/20/2026 17:10:42,114102901,1.16.3,DualPortTimed,0,3.98,1,1,Pellet,Left,248,106,276,0,0.55,19,nan
3/20/2026 17:11:00,114121359,1.16.3,DualPortTimed,0,3.98,nan,1,Left,Left,249,106,276,0,nan,nan,0.00
3/20/2026 17:11:03,114123864,1.16.3,DualPortTimed,0,3.97,1,1,Pellet,Left,249,106,277,0,0.85,21,nan
3/20/2026 17:11:43,114163919,1.16.3,DualPortTimed,0,3.98,nan,1,Left,Left,250,106,277,0,nan,nan,0.00
3/20/2026 17:11:45,114166050,1.16.3,DualPortTimed,0,3.98,1,1,Pellet,Left,250,106,278,0,0.48,42,nan
3/20/2026 17:12:14,114195360,1.16.3,DualPortTimed,0,3.98,nan,1,Left,Left,251,106,278,0,nan,nan,0.03
3/20/2026 17:12:16,114197791,1.16.3,DualPortTimed,0,3.97,1,1,Pellet,Left,251,106,279,0,0.79,31,nan
3/20/2026 19:42:46,123228118,1.16.3,DualPortTimed,0,3.96,nan,1,Right,Left,251,107,279,0,nan,nan,0.00
3/20/2026 19:42:49,123230755,1.16.3,DualPortTimed,0,3.96,1,1,Pellet,Left,251,107,280,0,0.91,9033,nan
3/20/2026 19:44:38,123339970,1.16.3,DualPortTimed,0,3.96,nan,1,Right,Left,251,108,280,0,nan,nan,0.00
3/20/2026 19:44:42,123343796,1.16.3,DualPortTimed,0,3.96,1,1,Pellet,Left,251,108,281,0,2.14,113,nan
3/20/2026 19:45:20,123381864,1.16.3,DualPortTimed,0,3.96,nan,1,Right,Left,251,109,281,0,nan,nan,0.00
3/20/2026 19:45:22,123384115,1.16.3,DualPortTimed,0,3.96,1,1,Pellet,Left,251,109,282,0,0.61,40,nan
3/20/2026 19:45:57,123418510,1.16.3,DualPortTimed,0,3.96,nan,1,Left,Left,252,109,282,0,nan,nan,0.11
3/20/2026 19:45:59,123420653,1.16.3,DualPortTimed,0,3.96,1,1,Pellet,Left,252,109,283,0,0.49,37,nan
3/20/2026 19:46:53,123474915,1.16.3,DualPortTimed,0,3.96,nan,1,Left,Left,253,109,283,0,nan,nan,0.00
3/20/2026 19:46:55,123477142,1.16.3,DualPortTimed,0,3.96,1,1,Pellet,Left,253,109,284,0,0.61,56,nan
3/20/2026 19:47:15,123497084,1.16.3,DualPortTimed,0,3.96,nan,1,Left,Left,254,109,284,0,nan,nan,0.00
3/20/2026 19:47:17,123498995,1.16.3,DualPortTimed,0,3.96,1,1,Pellet,Left,254,109,285,0,0.30,22,nan
3/20/2026 19:47:45,123527133,1.16.3,DualPortTimed,0,3.96,nan,1,Left,Left,255,109,285,0,nan,nan,0.00
3/20/2026 19:47:48,123529214,1.16.3,DualPortTimed,0,3.96,1,1,Pellet,Left,255,109,286,0,0.36,31,nan
3/20/2026 19:48:10,123551218,1.16.3,DualPortTimed,0,3.96,nan,1,Left,Left,256,109,286,0,nan,nan,0.00
3/20/2026 19:48:12,123553163,1.16.3,DualPortTimed,0,3.96,1,1,Pellet,Left,256,109,287,0,0.30,23,nan
3/20/2026 19:48:44,123586063,1.16.3,DualPortTimed,0,3.96,nan,1,Left,Left,257,109,287,0,nan,nan,0.05
3/20/2026 19:48:48,123589351,1.16.3,DualPortTimed,0,3.96,1,1,Pellet,Left,257,109,288,0,1.65,37,nan
3/20/2026 19:50:36,123698138,1.16.3,DualPortTimed,0,3.96,nan,1,Right,Left,257,110,288,0,nan,nan,0.00
3/20/2026 19:50:52,123713173,1.16.3,DualPortTimed,0,3.96,7,1,Pellet,Left,257,110,289,0,0.42,123,nan
3/20/2026 19:51:11,123732530,1.16.3,DualPortTimed,0,3.96,nan,1,Left,Left,258,110,289,0,nan,nan,0.00
3/20/2026 19:51:13,123734871,1.16.3,DualPortTimed,0,3.96,1,1,Pellet,Left,258,110,290,0,0.73,22,nan
3/20/2026 19:51:42,123763873,1.16.3,DualPortTimed,0,3.96,nan,1,Left,Left,259,110,290,0,nan,nan,0.00
3/20/2026 19:51:45,123766478,1.16.3,DualPortTimed,0,3.96,1,1,Pellet,Left,259,110,291,0,0.91,32,nan
3/20/2026 19:52:09,123790777,1.16.3,DualPortTimed,0,3.96,nan,1,Left,Left,260,110,291,0,nan,nan,0.00
3/20/2026 19:52:11,123792559,1.16.3,DualPortTimed,0,3.96,1,1,Pellet,Left,260,110,292,0,0.18,26,nan
3/20/2026 19:52:37,123818941,1.16.3,DualPortTimed,0,3.96,nan,1,Right,Left,260,111,292,0,nan,nan,0.00
3/20/2026 19:54:06,123907868,1.16.3,DualPortTimed,0,3.96,nan,1,RightWithPellet,Left,260,112,292,0,nan,nan,0.00
3/20/2026 19:54:24,123925771,1.16.3,DualPortTimed,0,3.96,nan,1,RightWithPellet,Left,260,113,292,0,nan,nan,0.21
3/20/2026 19:54:45,123946193,1.16.3,DualPortTimed,0,3.96,2,1,Pellet,Left,260,113,293,0,Timed_out,153,nan
3/20/2026 19:55:10,123971404,1.16.3,DualPortTimed,0,3.96,nan,1,Left,Left,261,113,293,0,nan,nan,0.00
3/20/2026 19:55:15,123976770,1.16.3,DualPortTimed,0,3.96,1,1,Pellet,Left,261,113,294,0,3.80,31,nan
3/20/2026 19:55:43,124005173,1.16.3,DualPortTimed,0,3.96,nan,1,Left,Left,262,113,294,0,nan,nan,0.00
3/20/2026 19:55:45,124007095,1.16.3,DualPortTimed,0,3.96,2,1,Pellet,Left,262,113,295,0,0.18,30,nan
3/20/2026 19:56:16,124037291,1.16.3,DualPortTimed,0,3.96,nan,1,Left,Left,263,113,295,0,nan,nan,0.00
3/20/2026 19:56:18,124039286,1.16.3,DualPortTimed,0,3.96,1,1,Pellet,Left,263,113,296,0,0.36,33,nan
3/20/2026 19:56:38,124060167,1.16.3,DualPortTimed,0,3.96,nan,1,Left,Left,264,113,296,0,nan,nan,0.06
3/20/2026 19:56:46,124067774,1.16.3,DualPortTimed,0,3.96,1,1,Pellet,Left,264,113,297,0,5.95,28,nan
3/20/2026 19:57:17,124098289,1.16.3,DualPortTimed,0,3.96,nan,1,Left,Left,265,113,297,0,nan,nan,0.35
3/20/2026 19:57:19,124100183,1.16.3,DualPortTimed,0,3.96,2,1,Pellet,Left,265,113,298,0,0.12,32,nan
3/20/2026 19:57:36,124117779,1.16.3,DualPortTimed,0,3.96,nan,1,Left,Left,266,113,298,0,nan,nan,0.00
3/20/2026 19:57:38,124119738,1.16.3,DualPortTimed,0,3.96,2,1,Pellet,Left,266,113,299,0,0.18,20,nan
3/20/2026 19:58:20,124161654,1.16.3,DualPortTimed,0,3.96,nan,1,Right,Left,266,114,299,0,nan,nan,0.00
3/20/2026 19:58:23,124164361,1.16.3,DualPortTimed,0,3.96,1,1,Pellet,Left,266,114,300,0,1.04,45,nan
3/20/2026 20:01:02,124323211,1.16.3,DualPortTimed,0,3.96,nan,1,Left,Left,267,114,300,0,nan,nan,0.00
3/20/2026 20:02:24,124405201,1.16.3,DualPortTimed,0,3.96,nan,1,RightWithPellet,Left,267,115,300,0,nan,nan,0.00
3/20/2026 20:02:26,124407409,1.16.3,DualPortTimed,0,3.96,nan,1,RightWithPellet,Left,267,116,300,0,nan,nan,0.79
3/20/2026 20:02:30,124411266,1.16.3,DualPortTimed,0,3.96,nan,1,RightWithPellet,Left,267,117,300,0,nan,nan,0.08
3/20/2026 20:02:35,124416237,1.16.3,DualPortTimed,0,3.96,nan,1,RightWithPellet,Left,267,118,300,0,nan,nan,0.17
3/20/2026 20:02:41,124422524,1.16.3,DualPortTimed,0,3.96,nan,1,RightWithPellet,Left,267,119,300,0,nan,nan,0.01
3/20/2026 20:02:46,124427713,1.16.3,DualPortTimed,0,3.96,nan,1,RightWithPellet,Left,267,120,300,0,nan,nan,0.09
3/20/2026 20:02:48,124429869,1.16.3,DualPortTimed,0,3.96,nan,1,RightWithPellet,Left,267,121,300,0,nan,nan,0.00
3/20/2026 20:02:51,124432614,1.16.3,DualPortTimed,0,3.96,nan,1,LeftWithPellet,Left,268,121,300,0,nan,nan,0.00
3/20/2026 20:02:55,124436386,1.16.3,DualPortTimed,0,3.96,nan,1,LeftWithPellet,Left,269,121,300,0,nan,nan,0.14
3/20/2026 20:02:55,124437141,1.16.3,DualPortTimed,0,3.96,nan,1,LeftWithPellet,Left,270,121,300,0,nan,nan,0.21
3/20/2026 20:02:59,124440519,1.16.3,DualPortTimed,0,3.96,nan,1,LeftWithPellet,Left,271,121,300,0,nan,nan,0.19
3/20/2026 20:03:00,124441945,1.16.3,DualPortTimed,0,3.96,1,1,Pellet,Left,271,121,301,0,Timed_out,277,nan
3/20/2026 20:04:02,124503777,1.16.3,DualPortTimed,0,3.96,nan,1,Left,Left,272,121,301,0,nan,nan,0.10
3/20/2026 20:04:04,124505861,1.16.3,DualPortTimed,0,3.96,1,1,Pellet,Left,272,121,302,0,0.49,64,nan
3/20/2026 20:04:32,124533708,1.16.3,DualPortTimed,0,3.96,nan,1,Left,Left,273,121,302,0,nan,nan,0.00
3/20/2026 20:04:35,124536707,1.16.3,DualPortTimed,0,3.96,1,1,Pellet,Left,273,121,303,0,1.28,31,nan
3/20/2026 20:06:16,124637214,1.16.3,DualPortTimed,0,3.96,nan,1,Right,Left,273,122,303,0,nan,nan,0.00
3/20/2026 20:06:19,124640251,1.16.3,DualPortTimed,0,3.96,1,1,Pellet,Left,273,122,304,0,1.40,104,nan
3/20/2026 22:12:49,132231039,1.16.3,DualPortTimed,0,3.95,nan,1,Right,Left,273,123,304,0,nan,nan,0.38
3/20/2026 22:12:52,132233908,1.16.3,DualPortTimed,0,3.94,1,1,Pellet,Left,273,123,305,0,1.16,7593,nan
3/20/2026 22:13:33,132275387,1.16.3,DualPortTimed,0,3.95,nan,1,Left,Left,274,123,305,0,nan,nan,0.15
3/20/2026 22:13:36,132277572,1.16.3,DualPortTimed,0,3.95,1,1,Pellet,Left,274,123,306,0,0.55,44,nan
3/20/2026 22:14:49,132350523,1.16.3,DualPortTimed,0,3.95,nan,1,Left,Left,275,123,306,0,nan,nan,0.00
3/20/2026 22:14:51,132352629,1.16.3,DualPortTimed,0,3.96,1,1,Pellet,Left,275,123,307,0,0.49,75,nan
3/20/2026 22:15:34,132396444,1.16.3,DualPortTimed,0,3.95,nan,1,Left,Left,276,123,307,0,nan,nan,0.16
3/20/2026 22:15:36,132398253,1.16.3,DualPortTimed,0,3.95,1,1,Pellet,Left,276,123,308,0,0.18,45,nan
3/20/2026 22:15:57,132418789,1.16.3,DualPortTimed,0,3.95,nan,1,Left,Left,277,123,308,0,nan,nan,0.00
3/20/2026 22:15:59,132420740,1.16.3,DualPortTimed,0,3.95,1,1,Pellet,Left,277,123,309,0,0.30,23,nan
3/20/2026 22:16:54,132475830,1.16.3,DualPortTimed,0,3.96,nan,1,Right,Left,277,124,309,0,nan,nan,0.00
3/20/2026 22:16:56,132478387,1.16.3,DualPortTimed,0,3.96,1,1,Pellet,Left,277,124,310,0,0.85,57,nan
3/20/2026 22:17:29,132511232,1.16.3,DualPortTimed,0,3.95,nan,1,Right,Left,277,125,310,0,nan,nan,0.08
3/20/2026 22:17:32,132513887,1.16.3,DualPortTimed,0,3.95,1,1,Pellet,Left,277,125,311,0,1.03,36,nan
3/20/2026 22:19:53,132655158,1.16.3,DualPortTimed,0,3.95,nan,1,Right,Left,277,126,311,0,nan,nan,0.00
3/20/2026 22:19:55,132657286,1.16.3,DualPortTimed,0,3.94,1,1,Pellet,Left,277,126,312,0,0.49,143,nan
3/20/2026 22:20:32,132693920,1.16.3,DualPortTimed,0,3.95,nan,1,Left,Left,278,126,312,0,nan,nan,0.00
3/20/2026 22:22:36,132817980,1.16.3,DualPortTimed,0,3.95,1,1,Pellet,Left,278,126,313,0,Timed_out,161,nan
3/20/2026 22:23:51,132893339,1.16.3,DualPortTimed,0,3.95,nan,1,Left,Left,279,126,313,0,nan,nan,0.00
3/20/2026 22:23:54,132895632,1.16.3,DualPortTimed,0,3.94,1,1,Pellet,Left,279,126,314,0,0.61,78,nan
3/20/2026 22:24:14,132916151,1.16.3,DualPortTimed,0,3.95,nan,1,Left,Left,280,126,314,0,nan,nan,0.00
3/20/2026 22:24:16,132918222,1.16.3,DualPortTimed,0,3.95,1,1,Pellet,Left,280,126,315,0,0.42,22,nan
3/20/2026 22:24:41,132943457,1.16.3,DualPortTimed,0,3.95,nan,1,Left,Left,281,126,315,0,nan,nan,0.00
3/20/2026 22:24:44,132945670,1.16.3,DualPortTimed,0,3.95,1,1,Pellet,Left,281,126,316,0,0.55,28,nan
3/20/2026 22:25:05,132967079,1.16.3,DualPortTimed,0,3.95,nan,1,Left,Left,282,126,316,0,nan,nan,0.00
3/20/2026 22:25:07,132968825,1.16.3,DualPortTimed,0,3.95,1,1,Pellet,Left,282,126,317,0,0.12,23,nan
3/20/2026 22:25:41,133002850,1.16.3,DualPortTimed,0,3.95,nan,1,Left,Left,283,126,317,0,nan,nan,0.00
3/20/2026 22:25:43,133005026,1.16.3,DualPortTimed,0,3.95,1,1,Pellet,Left,283,126,318,0,0.55,36,nan
3/20/2026 22:26:24,133045826,1.16.3,DualPortTimed,0,3.95,nan,1,Left,Left,284,126,318,0,nan,nan,0.00
3/20/2026 22:26:26,133047714,1.16.3,DualPortTimed,0,3.95,1,1,Pellet,Left,284,126,319,0,0.18,43,nan
3/20/2026 22:26:46,133067964,1.16.3,DualPortTimed,0,3.95,nan,1,Left,Left,285,126,319,0,nan,nan,0.00
3/20/2026 22:26:48,133069763,1.16.3,DualPortTimed,0,3.95,1,1,Pellet,Left,285,126,320,0,0.12,22,nan
3/20/2026 22:29:09,133211278,1.16.3,DualPortTimed,0,3.94,nan,1,Left,Left,286,126,320,0,nan,nan,0.00
3/20/2026 22:29:11,133213336,1.16.3,DualPortTimed,0,3.95,1,1,Pellet,Left,286,126,321,0,0.42,143,nan
3/20/2026 22:30:49,133310761,1.16.3,DualPortTimed,0,3.95,nan,1,Left,Left,287,126,321,0,nan,nan,0.00
3/20/2026 22:30:51,133312931,1.16.3,DualPortTimed,0,3.95,2,1,Pellet,Left,287,126,322,0,0.24,100,nan
3/20/2026 22:46:13,134235101,1.16.3,DualPortTimed,0,3.94,nan,1,Left,Left,288,126,322,0,nan,nan,0.00
3/20/2026 22:46:18,134240185,1.16.3,DualPortTimed,0,3.94,2,1,Pellet,Left,288,126,323,0,1.22,927,nan
3/20/2026 22:46:49,134271327,1.16.3,DualPortTimed,0,3.95,nan,1,Left,Left,289,126,323,0,nan,nan,0.00
3/20/2026 22:46:51,134273432,1.16.3,DualPortTimed,0,3.95,1,1,Pellet,Left,289,126,324,0,0.49,33,nan
3/20/2026 22:47:15,134296919,1.16.3,DualPortTimed,0,3.95,nan,1,Left,Left,290,126,324,0,nan,nan,0.00
3/20/2026 22:47:17,134298984,1.16.3,DualPortTimed,0,3.95,1,1,Pellet,Left,290,126,325,0,0.42,26,nan
3/20/2026 22:47:43,134324819,1.16.3,DualPortTimed,0,3.95,nan,1,Left,Left,291,126,325,0,nan,nan,0.00
3/20/2026 22:47:44,134326584,1.16.3,DualPortTimed,0,3.95,1,1,Pellet,Left,291,126,326,0,0.12,27,nan
3/20/2026 22:49:06,134407851,1.16.3,DualPortTimed,0,3.95,nan,1,Right,Left,291,127,326,0,nan,nan,0.00
3/20/2026 22:49:08,134410197,1.16.3,DualPortTimed,0,3.94,1,1,Pellet,Left,291,127,327,0,0.67,84,nan
3/20/2026 22:49:43,134445366,1.16.3,DualPortTimed,0,3.95,nan,1,Right,Left,291,128,327,0,nan,nan,0.00
3/20/2026 22:49:48,134449845,1.16.3,DualPortTimed,0,3.94,1,1,Pellet,Left,291,128,328,0,2.88,40,nan
3/20/2026 22:50:18,134480379,1.16.3,DualPortTimed,0,3.95,nan,1,Left,Left,292,128,328,0,nan,nan,0.00
3/20/2026 22:50:21,134482913,1.16.3,DualPortTimed,0,3.95,2,1,Pellet,Left,292,128,329,0,0.79,33,nan
3/20/2026 23:29:12,136814330,1.16.3,DualPortTimed,0,3.94,nan,1,Left,Left,293,128,329,0,nan,nan,0.18
3/20/2026 23:29:15,136816953,1.16.3,DualPortTimed,0,3.94,1,1,Pellet,Left,293,128,330,0,0.98,2334,nan
3/20/2026 23:30:02,136864569,1.16.3,DualPortTimed,0,3.94,nan,1,Left,Left,294,128,330,0,nan,nan,0.00
3/20/2026 23:30:05,136866860,1.16.3,DualPortTimed,0,3.94,1,1,Pellet,Left,294,128,331,0,0.67,50,nan
3/20/2026 23:30:50,136912552,1.16.3,DualPortTimed,0,3.95,nan,1,Left,Left,295,128,331,0,nan,nan,0.18
3/20/2026 23:30:52,136914553,1.16.3,DualPortTimed,0,3.94,1,1,Pellet,Left,295,128,332,0,0.36,47,nan
3/20/2026 23:31:37,136959498,1.16.3,DualPortTimed,0,3.94,nan,1,Left,Left,296,128,332,0,nan,nan,0.00
3/20/2026 23:31:39,136961411,1.16.3,DualPortTimed,0,3.94,1,1,Pellet,Left,296,128,333,0,0.24,47,nan
3/20/2026 23:32:21,137003470,1.16.3,DualPortTimed,0,3.94,nan,1,Right,Left,296,129,333,0,nan,nan,1.22
3/20/2026 23:32:24,137005917,1.16.3,DualPortTimed,0,3.94,1,1,Pellet,Left,296,129,334,0,0.85,45,nan
3/20/2026 23:35:46,137207722,1.16.3,DualPortTimed,0,3.95,nan,1,Left,Left,297,129,334,0,nan,nan,0.00
3/20/2026 23:36:08,137230060,1.16.3,DualPortTimed,0,3.94,nan,1,LeftWithPellet,Left,298,129,334,0,nan,nan,0.35
3/20/2026 23:36:10,137232414,1.16.3,DualPortTimed,0,3.94,1,1,Pellet,Left,298,129,335,0,23.04,226,nan
3/20/2026 23:37:51,137332995,1.16.3,DualPortTimed,0,3.94,nan,1,Left,Left,299,129,335,0,nan,nan,0.36
3/20/2026 23:37:53,137334737,1.16.3,DualPortTimed,0,3.94,1,1,Pellet,Left,299,129,336,0,0.06,103,nan
3/20/2026 23:38:41,137383364,1.16.3,DualPortTimed,0,3.94,nan,1,Left,Left,300,129,336,0,nan,nan,0.11
3/20/2026 23:38:43,137385347,1.16.3,DualPortTimed,0,3.94,1,1,Pellet,Left,300,129,337,0,0.30,50,nan
3/21/2026 0:03:46,138888552,1.16.3,DualPortTimed,0,3.94,nan,1,Left,Left,301,129,337,0,nan,nan,0.00
3/21/2026 0:14:46,139548465,1.16.3,DualPortTimed,0,3.94,1,1,Pellet,Left,301,129,338,0,Timed_out,2163,nan
3/21/2026 0:15:45,139607411,1.16.3,DualPortTimed,0,3.94,nan,1,Left,Left,302,129,338,0,nan,nan,0.00
3/21/2026 0:15:47,139609543,1.16.3,DualPortTimed,0,3.94,1,1,Pellet,Left,302,129,339,0,0.55,61,nan
3/21/2026 0:17:35,139717006,1.16.3,DualPortTimed,0,3.94,nan,1,Right,Left,302,130,339,0,nan,nan,0.37
3/21/2026 0:17:37,139719364,1.16.3,DualPortTimed,0,3.94,1,1,Pellet,Left,302,130,340,0,0.67,110,nan
3/21/2026 0:18:18,139760723,1.16.3,DualPortTimed,0,3.94,nan,1,Left,Left,303,130,340,0,nan,nan,0.00
3/21/2026 0:18:20,139762580,1.16.3,DualPortTimed,0,3.94,1,1,Pellet,Left,303,130,341,0,0.24,43,nan
3/21/2026 0:20:21,139883199,1.16.3,DualPortTimed,0,3.94,nan,1,Right,Left,303,131,341,0,nan,nan,0.44
3/21/2026 0:20:23,139885150,1.16.3,DualPortTimed,0,3.94,1,1,Pellet,Left,303,131,342,0,0.36,123,nan
3/21/2026 0:20:54,139916541,1.16.3,DualPortTimed,0,3.94,nan,1,Right,Left,303,132,342,0,nan,nan,0.29
3/21/2026 0:20:57,139919125,1.16.3,DualPortTimed,0,3.94,1,1,Pellet,Left,303,132,343,0,0.85,34,nan
3/21/2026 0:21:30,139952768,1.16.3,DualPortTimed,0,3.94,nan,1,Right,Left,303,133,343,0,nan,nan,0.20
3/21/2026 0:21:33,139954834,1.16.3,DualPortTimed,0,3.94,1,1,Pellet,Left,303,133,344,0,0.36,36,nan
3/21/2026 1:42:40,144822184,1.16.3,DualPortTimed,0,3.94,nan,1,Left,Left,304,133,344,0,nan,nan,0.10
3/21/2026 1:42:43,144825307,1.16.3,DualPortTimed,0,3.93,1,1,Pellet,Left,304,133,345,0,1.46,4870,nan
3/21/2026 1:43:36,144878077,1.16.3,DualPortTimed,0,3.94,nan,1,Left,Left,305,133,345,0,nan,nan,0.00
3/21/2026 1:43:38,144880477,1.16.3,DualPortTimed,0,3.94,1,1,Pellet,Left,305,133,346,0,0.85,55,nan
3/21/2026 1:46:48,145070784,1.16.3,DualPortTimed,0,3.93,nan,1,Right,Left,305,134,346,0,nan,nan,0.00
3/21/2026 1:46:51,145073917,1.16.3,DualPortTimed,0,3.94,1,1,Pellet,Left,305,134,347,0,1.40,193,nan
3/21/2026 1:47:19,145101166,1.16.3,DualPortTimed,0,3.93,nan,1,Right,Left,305,135,347,0,nan,nan,0.00
3/21/2026 1:47:24,145106160,1.16.3,DualPortTimed,0,3.93,1,1,Pellet,Left,305,135,348,0,3.43,33,nan
3/21/2026 1:51:02,145324726,1.16.3,DualPortTimed,0,3.93,nan,1,Right,Left,305,136,348,0,nan,nan,0.33
3/21/2026 1:51:06,145328968,1.16.3,DualPortTimed,0,3.94,1,1,Pellet,Left,305,136,349,0,2.57,222,nan
3/21/2026 1:53:17,145459479,1.16.3,DualPortTimed,0,3.93,nan,1,Left,Left,306,136,349,0,nan,nan,0.00
3/21/2026 1:53:19,145461624,1.16.3,DualPortTimed,0,3.94,1,1,Pellet,Left,306,136,350,0,0.55,133,nan
3/21/2026 1:55:13,145575495,1.16.3,DualPortTimed,0,3.94,nan,1,Left,Left,307,136,350,0,nan,nan,0.00
3/21/2026 1:55:15,145577471,1.16.3,DualPortTimed,0,3.93,1,1,Pellet,Left,307,136,351,0,0.30,116,nan
3/21/2026 1:55:46,145608549,1.16.3,DualPortTimed,0,3.93,nan,1,Left,Left,308,136,351,0,nan,nan,0.00
3/21/2026 1:55:48,145610401,1.16.3,DualPortTimed,0,3.93,1,1,Pellet,Left,308,136,352,0,0.24,33,nan
3/21/2026 2:12:46,146628850,1.16.3,DualPortTimed,0,3.93,nan,1,Left,Left,309,136,352,0,nan,nan,0.12
3/21/2026 2:12:48,146630696,1.16.3,DualPortTimed,0,3.93,1,1,Pellet,Left,309,136,353,0,0.12,1020,nan
3/21/2026 2:13:16,146658646,1.16.3,DualPortTimed,0,3.93,nan,1,Left,Left,310,136,353,0,nan,nan,0.06
3/21/2026 2:13:18,146660779,1.16.3,DualPortTimed,0,3.93,1,1,Pellet,Left,310,136,354,0,0.48,30,nan
3/21/2026 2:18:12,146954521,1.16.3,DualPortTimed,0,3.93,nan,1,Right,Left,310,137,354,0,nan,nan,0.37
3/21/2026 2:18:15,146957310,1.16.3,DualPortTimed,0,3.93,1,1,Pellet,Left,310,137,355,0,1.16,297,nan
3/21/2026 2:19:36,147038551,1.16.3,DualPortTimed,0,3.94,nan,1,Right,Left,310,138,355,0,nan,nan,0.05
3/21/2026 2:19:38,147040614,1.16.3,DualPortTimed,0,3.94,1,1,Pellet,Left,310,138,356,0,0.42,83,nan
3/21/2026 2:20:05,147067905,1.16.3,DualPortTimed,0,3.93,nan,1,Right,Left,310,139,356,0,nan,nan,0.00
3/21/2026 2:20:09,147071112,1.16.3,DualPortTimed,0,3.93,1,1,Pellet,Left,310,139,357,0,1.53,31,nan
3/21/2026 4:36:49,155271784,1.16.3,DualPortTimed,0,3.92,nan,1,Left,Left,311,139,357,0,nan,nan,0.24
3/21/2026 4:36:51,155273807,1.16.3,DualPortTimed,0,3.92,1,1,Pellet,Left,311,139,358,0,0.42,8202,nan
3/21/2026 4:37:19,155302246,1.16.3,DualPortTimed,0,3.92,nan,1,Left,Left,312,139,358,0,nan,nan,0.00
3/21/2026 4:37:21,155304292,1.16.3,DualPortTimed,0,3.92,1,1,Pellet,Left,312,139,359,0,0.36,30,nan
3/21/2026 4:37:50,155333331,1.16.3,DualPortTimed,0,3.92,nan,1,Left,Left,313,139,359,0,nan,nan,0.00
3/21/2026 4:37:53,155335595,1.16.3,DualPortTimed,0,3.92,1,1,Pellet,Left,313,139,360,0,0.67,32,nan
3/21/2026 4:38:33,155375510,1.16.3,DualPortTimed,0,3.93,nan,1,Left,Left,314,139,360,0,nan,nan,0.00
3/21/2026 4:38:35,155377559,1.16.3,DualPortTimed,0,3.92,2,1,Pellet,Left,314,139,361,0,0.30,42,nan
3/21/2026 4:39:07,155409631,1.16.3,DualPortTimed,0,3.92,nan,1,Right,Left,314,140,361,0,nan,nan,0.12
3/21/2026 4:39:09,155412309,1.16.3,DualPortTimed,0,3.92,1,1,Pellet,Left,314,140,362,0,1.03,34,nan
3/21/2026 4:46:53,155875611,1.16.3,DualPortTimed,0,3.92,nan,1,Left,Left,315,140,362,0,nan,nan,0.00
3/21/2026 4:46:56,155878712,1.16.3,DualPortTimed,0,3.92,1,1,Pellet,Left,315,140,363,0,1.40,467,nan
3/21/2026 4:49:11,156013597,1.16.3,DualPortTimed,0,3.92,nan,1,Right,Left,315,141,363,0,nan,nan,0.03
3/21/2026 4:49:13,156016350,1.16.3,DualPortTimed,0,3.92,1,1,Pellet,Left,315,141,364,0,1.16,137,nan
3/21/2026 4:49:41,156043595,1.16.3,DualPortTimed,0,3.92,nan,1,Right,Left,315,142,364,0,nan,nan,0.00
3/21/2026 4:49:43,156045931,1.16.3,DualPortTimed,0,3.92,1,1,Pellet,Left,315,142,365,0,0.73,30,nan
3/21/2026 4:50:16,156079376,1.16.3,DualPortTimed,0,3.92,nan,1,Left,Left,316,142,365,0,nan,nan,0.00
3/21/2026 4:50:18,156081365,1.16.3,DualPortTimed,0,3.92,1,1,Pellet,Left,316,142,366,0,0.30,35,nan
3/21/2026 4:50:47,156110351,1.16.3,DualPortTimed,0,3.92,nan,1,Left,Left,317,142,366,0,nan,nan,0.22
3/21/2026 4:50:49,156112273,1.16.3,DualPortTimed,0,3.92,1,1,Pellet,Left,317,142,367,0,0.30,31,nan
3/21/2026 4:51:46,156169346,1.16.3,DualPortTimed,0,3.92,nan,1,Left,Left,318,142,367,0,nan,nan,0.26
3/21/2026 4:51:48,156171237,1.16.3,DualPortTimed,0,3.92,1,1,Pellet,Left,318,142,368,0,0.24,59,nan
3/21/2026 4:53:21,156263969,1.16.3,DualPortTimed,0,3.91,nan,1,Right,Left,318,143,368,0,nan,nan,0.00
3/21/2026 4:53:24,156267333,1.16.3,DualPortTimed,0,3.92,1,1,Pellet,Left,318,143,369,0,1.65,96,nan
3/21/2026 6:53:08,163450727,1.16.3,DualPortTimed,0,3.91,nan,1,Right,Left,318,144,369,0,nan,nan,0.00
3/21/2026 6:53:10,163452896,1.16.3,DualPortTimed,0,3.91,1,1,Pellet,Left,318,144,370,0,0.55,7186,nan
3/21/2026 6:53:43,163485747,1.16.3,DualPortTimed,0,3.91,nan,1,Left,Left,319,144,370,0,nan,nan,0.00
3/21/2026 6:53:45,163487981,1.16.3,DualPortTimed,0,3.91,1,1,Pellet,Left,319,144,371,0,0.55,35,nan
3/21/2026 6:56:50,163673098,1.16.3,DualPortTimed,0,3.91,nan,1,Left,Left,320,144,371,0,nan,nan,0.00
3/21/2026 6:56:52,163675164,1.16.3,DualPortTimed,0,3.91,1,1,Pellet,Left,320,144,372,0,0.49,187,nan
3/21/2026 6:58:16,163759647,1.16.3,DualPortTimed,0,3.91,nan,1,Left,Left,321,144,372,0,nan,nan,0.00
3/21/2026 6:58:19,163762326,1.16.3,DualPortTimed,0,3.91,1,1,Pellet,Left,321,144,373,0,1.03,87,nan
3/21/2026 7:02:06,163988805,1.16.3,DualPortTimed,0,3.91,nan,1,Left,Left,322,144,373,0,nan,nan,0.00
3/21/2026 7:02:08,163990846,1.16.3,DualPortTimed,0,3.91,1,1,Pellet,Left,322,144,374,0,0.36,229,nan
3/21/2026 7:11:19,164542143,1.16.3,DualPortTimed,0,3.91,nan,1,Right,Left,322,145,374,0,nan,nan,0.10
3/21/2026 7:11:21,164544620,1.16.3,DualPortTimed,0,3.91,1,1,Pellet,Left,322,145,375,0,0.85,553,nan
3/21/2026 7:15:00,164762899,1.16.3,DualPortTimed,0,3.91,nan,1,Left,Left,323,145,375,0,nan,nan,0.00
3/21/2026 7:15:01,164764653,1.16.3,DualPortTimed,0,3.91,1,1,Pellet,Left,323,145,376,0,0.06,220,nan
3/21/2026 7:15:33,164796026,1.16.3,DualPortTimed,0,3.91,nan,1,Left,Left,324,145,376,0,nan,nan,0.00
3/21/2026 7:15:37,164800568,1.16.3,DualPortTimed,0,3.91,1,1,Pellet,Left,324,145,377,0,2.94,36,nan
3/21/2026 7:16:14,164837479,1.16.3,DualPortTimed,0,3.91,nan,1,Left,Left,325,145,377,0,nan,nan,0.00
3/21/2026 7:16:16,164839618,1.16.3,DualPortTimed,0,3.91,1,1,Pellet,Left,325,145,378,0,0.42,39,nan
3/21/2026 7:26:37,165459887,1.16.3,DualPortTimed,0,3.91,nan,1,Left,Left,326,145,378,0,nan,nan,0.00
3/21/2026 7:26:39,165462243,1.16.3,DualPortTimed,0,3.91,1,1,Pellet,Left,326,145,379,0,0.73,623,nan
3/21/2026 7:31:24,165747364,1.16.3,DualPortTimed,0,3.91,nan,1,Left,Left,327,145,379,0,nan,nan,0.00
3/21/2026 7:31:27,165749927,1.16.3,DualPortTimed,0,3.91,1,1,Pellet,Left,327,145,380,0,0.97,288,nan
3/21/2026 7:32:11,165794796,1.16.3,DualPortTimed,0,3.91,nan,1,Left,Left,328,145,380,0,nan,nan,0.00
3/21/2026 7:32:14,165797093,1.16.3,DualPortTimed,0,3.91,1,1,Pellet,Left,328,145,381,0,0.67,47,nan
3/21/2026 7:32:44,165827023,1.16.3,DualPortTimed,0,3.91,nan,1,Right,Left,328,146,381,0,nan,nan,0.00
3/21/2026 7:32:46,165829156,1.16.3,DualPortTimed,0,3.91,1,1,Pellet,Left,328,146,382,0,0.42,32,nan
3/21/2026 9:28:57,172800134,1.16.3,DualPortTimed,0,3.89,nan,1,Idle,Left,328,146,382,0,nan,nan,nan
